P_ID,Permit Type,Description,Address,Planner,Record Status,Date Opened,Date Status,Primary,Entitlements,Num of Entitlements,Boards,Board Count,Staff Decision,Public Decision,Rounds,Staff Days,Customer Days,Decision Days,Total Days,Staff Biz Days,Customer Biz Days,Decision Biz Days,Total Biz Days,Pct Staff,Pct Customer,Pct Decision,Error,Design Review?,DR Resi?,DR Comm?,UP Con?,UP Admin?
Y18-001,Design Review Residential,Forouzandeh SFR Addition DR-OH,15 GROVER CT,Greg Kapovich,Close Out,2018-01-04,2018-04-05,Yes,DR Resi,1,,0,Yes,No,2,53,24,1,78,38,15,1,54,0.6794871794871795,0.3076923076923077,0.01282051282051282,False,True,True,False,False,False
Y18-004,Design Review Commercial,Heritage Eats at Broadway Plaza,24 BROADWAY LN,Haley Croffoot,Close Out,2018-01-23,2018-05-07,Yes,"*DR Comm, UP Admin",2,,0,Yes,Yes,1,91,0,1,92,64,0,1,65,0.9891304347826086,0.0,0.010869565217391304,False,True,False,True,False,True
Y18-005,Use Permit Conditional,CUP for Thirteen Salon at 1768 N. Broadway,1760 N BROADWAY,Trishia Caguiat,Close Out,2018-01-24,2018-04-26,Yes,UP Conditional,1,PC,1,No,Yes,1,64,0,1,65,45,0,1,46,0.9846153846153847,0.0,0.015384615384615385,False,False,False,False,True,False
Y18-009,Design Review Other,St Mary Church Chapel,2039 MT DIABLO BLVD,Simar Gill,Close Out,2018-02-20,2018-05-03,Yes,DR Other,1,,0,Yes,Yes,2,30,43,1,74,22,31,1,54,0.40540540540540543,0.581081081081081,0.013513513513513514,False,True,False,False,False,False
Y18-012,Design Review Commercial,1910 Noma Apartments,1910 N MAIN ST,Greg Kapovich,Close Out,2018-03-01,2019-05-08,Yes,DR Comm,1,"DRC, CC, ZA",3,No,Yes,2,154,19,267,440,109,13,178,300,0.35,0.04318181818181818,0.6068181818181818,False,True,False,True,False,False
Y18-013,General Plan Amendment,Pioneer Village Residential PUD,128 PIONEER AVE,Alan Carreon,Close Out,2018-08-13,2019-06-05,Yes,"*General Plan Amendment, DR Resi, Tentative Map Major Subdivision, Tree Removal Permit, Zoning Amendment",5,"PC, CC, DRC",3,Yes,Yes,2,279,31,133,443,187,21,93,301,0.6297968397291196,0.06997742663656885,0.3002257336343115,False,True,True,False,False,False
Y18-016,Design Review Commercial,Soft Surroundings Storefront @ BPZ,36 BROADWAY LN,Haley Croffoot,Approved - Closed,2018-03-01,2020-03-23,Yes,DR Comm,1,,0,Yes,Yes,2,44,48,630,722,32,34,421,487,0.060941828254847646,0.0664819944598338,0.8725761772853186,False,True,False,True,False,False
Y18-019,Use Permit Administrative,AUP for Rotator Tap Room,1415 PINE ST,Simar Gill,Close Out,2018-03-08,2018-04-17,Yes,UP Admin,1,,0,Yes,No,1,41,0,1,42,29,0,1,30,0.9761904761904762,0.0,0.023809523809523808,False,False,False,False,False,True
Y18-022,Design Review Commercial,1401 Mt. Diablo Blvd Facade Renovation DR,1401 MT DIABLO BLVD,Haley Croffoot,Approved - Closed,2018-03-14,2020-03-23,Yes,DR Comm,1,,0,Yes,Yes,2,45,4,675,724,33,2,452,487,0.062154696132596686,0.0055248618784530384,0.9323204419889503,False,True,False,True,False,False
Y18-025,Design Review Commercial,Lovesac Storefront Remodel at BPZ,117 BROADWAY LN,Simar Gill,Close Out,2018-03-28,2018-06-08,Yes,DR Comm,1,,0,Yes,Yes,2,11,62,1,74,9,44,1,54,0.14864864864864866,0.8378378378378378,0.013513513513513514,False,True,False,True,False,False
Y18-026,Design Review Residential,DR addition at 120 Greenway,120 GREENWAY DR,Haley Croffoot,Approved - Closed,2018-03-15,2020-03-23,Yes,DR Resi,1,,0,Yes,No,1,114,0,676,790,81,0,453,534,0.14430379746835442,0.0,0.8556962025316456,False,True,True,False,False,False
Y18-027,Design Review Sign,Monument Sign at Newell Plaza Offices 1211 Newell Ave,1211 NEWELL AVE,"Chip Griffin, Trishia Caguiat",Close Out,2018-04-19,2021-09-28,Yes,DR Sign,1,,0,Yes,Yes,2,2,1257,1,1260,2,851,1,854,0.0015873015873015873,0.9976190476190476,0.0007936507936507937,False,True,False,False,False,False
Y18-030,Design Review Commercial,DR for Johnny Was at BWPZ,1163 BROADWAY PZ,Simar Gill,Approved - Closed,2018-03-26,2018-09-07,Yes,DR Comm,1,,0,Yes,Yes,2,32,75,60,167,23,53,43,119,0.19161676646706588,0.4491017964071856,0.3592814371257485,False,True,False,True,False,False
Y18-032,Design Review Commercial,Mt. Diablo Plaza exterior remodel,2175 N CALIFORNIA BL,Simar Gill,Approved - Closed,2018-04-02,2018-06-27,Yes,DR Comm,1,,0,Yes,Yes,1,36,0,52,88,26,0,38,64,0.4090909090909091,0.0,0.5909090909090909,False,True,False,True,False,False
Y18-035,Design Review Commercial,Vans Storefront Remodel,1540 OLYMPIC BL,Trishia Caguiat,Approved - Closed,2018-04-09,2018-12-05,Yes,DR Comm,1,,0,Yes,Yes,1,166,0,76,242,118,0,51,169,0.6859504132231405,0.0,0.3140495867768595,False,True,False,True,False,False
Y18-037,Use Permit Conditional,Cypress Parking Lot,1630 CYPRESS ST,Haley Croffoot,Approved,2018-04-10,2018-08-28,Yes,"*UP Conditional, DR Comm",2,"DRC, PC",2,No,Yes,1,88,0,48,136,63,0,34,97,0.6470588235294118,0.0,0.35294117647058826,False,True,False,True,True,False
Y18-038,Design Review Commercial,John Muir Medical Center Office Signs,1479 YGNACIO VALLEY RD,Trishia Caguiat,Close Out,2018-04-12,2018-07-11,Yes,DR Comm,1,DRC,1,No,Yes,1,91,0,1,92,64,0,1,65,0.9891304347826086,0.0,0.010869565217391304,False,True,False,True,False,False
Y18-047,Design Review Commercial,Park Lake Common Area Dog Park,100 PARK LAKE CIR,Greg Kapovich,Close Out,2018-04-25,2019-06-25,Yes,DR Comm,1,DRC,1,Yes,Yes,2,50,12,146,208,36,8,102,146,0.2403846153846154,0.057692307692307696,0.7019230769230769,False,True,False,True,False,False
Y18-050,Use Permit Administrative,AUP for Main St. Kitchen & Bar,1358 N MAIN ST,Haley Croffoot,Approved - Closed,2018-04-30,2020-03-23,Yes,UP Admin,1,ZA,1,Yes,No,1,71,0,637,708,50,0,426,476,0.10028248587570622,0.0,0.8997175141242938,False,False,False,False,False,True
Y18-051,Use Permit Administrative,Prima Vini AUP,1522 N MAIN ST,Simar Gill,Approved - Closed,2018-05-01,2018-06-07,Yes,UP Admin,1,,0,Yes,No,1,37,0,2,39,27,0,2,29,0.9487179487179487,0.0,0.05128205128205128,False,False,False,False,False,True
Y18-057,Design Review Sign,Newell Promenade MSP Amendment,1536 NEWELL AV,Haley Croffoot,Close Out,2018-05-18,2019-09-27,Yes,DR Sign,1,DRC,1,No,Yes,2,52,82,346,480,38,56,233,327,0.10833333333333334,0.17083333333333334,0.7208333333333333,False,True,False,False,False,False
Y18-062,Design Review Sign,BPZ MSP Amendment,1275 BROADWAY PZ,Alan Carreon,Close Out,2018-06-04,2019-01-07,Yes,DR Sign,1,DRC,1,No,Yes,1,218,0,1,219,144,0,1,145,0.9954337899543378,0.0,0.0045662100456621,False,True,False,False,False,False
Y18-063,Design Review Other,1532 Mt. Diablo Mixed Use,1532 MT DIABLO BLVD,Greg Kapovich,Close Out,2018-06-06,2020-09-10,Yes,"*DR Other, UP Conditional",2,PC,1,No,Yes,3,144,93,557,794,93,63,381,537,0.181360201511335,0.11712846347607053,0.7015113350125944,False,True,False,False,True,False
Y18-064,Design Review Commercial,Smile Power Orthodontics,1000 YGNACIO VALLEY RD,Haley Croffoot,Close Out,2018-06-07,2018-12-05,Yes,DR Comm,1,DRC,1,Yes,Yes,3,142,49,1,192,100,32,1,133,0.7395833333333334,0.2552083333333333,0.005208333333333333,False,True,False,True,False,False
Y18-065,Design Review Commercial,John Muir Phase 3 Building,1601 YGNACIO VALLEY RD,Trishia Caguiat,Approved - Closed,2018-06-12,2018-08-22,Yes,DR Comm,1,,0,Yes,Yes,2,23,7,1,31,16,5,1,22,0.7419354838709677,0.22580645161290322,0.03225806451612903,False,True,False,True,False,False
Y18-067,Use Permit Administrative,AUP for Mangosteen Bistro,1518 BONANZA ST,Simar Gill,Approved - Closed,2018-06-25,2018-08-01,Yes,UP Admin,1,,0,Yes,No,2,16,2,21,39,13,0,15,28,0.41025641025641024,0.05128205128205128,0.5384615384615384,False,False,False,False,False,True
Y18-069,Design Review Sign,Walnut Creek Transit Village MSP,200 YGNACIO VALLEY RD,Chip Griffin,Close Out,2018-07-11,2018-10-31,Yes,DR Sign,1,DRC,1,No,Yes,2,112,1,1,114,79,1,1,81,0.9824561403508771,0.008771929824561403,0.008771929824561403,False,True,False,False,False,False
Y18-076,Use Permit Conditional,Yoga Works,1330 S CALIFORNIA BL,Trishia Caguiat,Close Out,2018-08-01,2018-10-26,Yes,UP Conditional,1,PC,1,No,Yes,2,54,7,1,62,37,5,1,43,0.8709677419354839,0.11290322580645161,0.016129032258064516,False,False,False,False,True,False
Y18-078,Design Review Commercial,Target Facade & Sign Upgrades,1871 N MAIN ST,Simar Gill,Close Out,2018-08-06,2018-11-16,Yes,DR Comm,1,,0,Yes,Yes,3,44,59,1,104,33,40,1,74,0.4230769230769231,0.5673076923076923,0.009615384615384616,False,True,False,True,False,False
Y18-079,Design Review Residential,Anderson OH Addition,1180 HANNA GROVE TRL,Haley Croffoot,Close Out,2018-08-07,2018-09-27,Yes,DR Resi,1,,0,No,Yes,1,24,0,1,25,18,0,1,19,0.96,0.0,0.04,False,True,True,False,False,False
Y18-080,Use Permit Conditional,Trinity Winter Evening Shelter,1800 CARMEL DR,Greg Kapovich,Close Out,2018-08-07,2018-09-13,Yes,UP Conditional,1,PC,1,No,Yes,1,38,0,1,39,27,0,1,28,0.9743589743589743,0.0,0.02564102564102564,False,False,False,False,True,False
Y18-090,Zoning Amendment,Carmel Drive Townhomes,1487 CARMEL DR,Haley Croffoot,Approved,2018-08-30,2019-12-16,Yes,"*Zoning Amendment, DR Comm, Tentative Map Major Subdivision, Tree Removal Permit",4,"DRC, PC, CC",3,No,Yes,3,82,114,196,392,57,70,135,262,0.20918367346938777,0.29081632653061223,0.5,False,True,False,True,False,False
Y18-093,Design Review Commercial,Kensington Senior Living Facade & Color Change,1580 GEARY RD,Trishia Caguiat,Close Out,2018-09-20,2019-09-19,Yes,DR Comm,1,,0,Yes,Yes,1,79,0,284,363,54,0,192,246,0.21763085399449036,0.0,0.7823691460055097,False,True,False,True,False,False
Y18-099,Design Review Sign,Bass Medical MSPA,2637 SHADELANDS DR,Haley Croffoot,Not Approved,2018-10-03,2019-03-20,Yes,DR Sign,1,DRC,1,No,Yes,2,54,18,1,73,38,11,1,50,0.7397260273972602,0.2465753424657534,0.0136986301369863,False,True,False,False,False,False
Y18-102,Design Review Residential,Fulkerson OH Addition,1150 BANCROFT RD,Chip Griffin,Close Out,2018-10-08,2019-01-02,Yes,DR Resi,1,,0,Yes,No,2,80,7,1,88,48,5,1,54,0.9090909090909091,0.07954545454545454,0.011363636363636364,False,True,True,False,False,False
Y18-104,Design Review Residential,Doan SFR Remodel and Addition DROH,1961 OPAL ST,Chip Griffin,Close Out,2018-10-29,2019-02-25,Yes,DR Resi,1,,0,Yes,No,1,120,0,1,121,74,0,1,75,0.9917355371900827,0.0,0.008264462809917356,False,True,True,False,False,False
Y18-105,Tentative Map Minor Subdivision,Centre Point minor sub condo conversion,165 LENNON LN,Greg Kapovich,Close Out,2018-11-01,2019-03-04,Yes,Tentative Map Minor Subdivision,1,ZA,1,No,Yes,2,98,26,1,125,60,16,1,77,0.784,0.208,0.008,False,False,False,False,False,False
Y18-106,Use Permit Conditional,SUP for Broadway Plaza Off-site Pkng sublease lot,870 S BROADWAY RD,Haley Croffoot,Approved - Closed,2018-11-05,2020-03-23,Yes,UP Conditional,1,PC,1,No,Yes,1,30,0,425,455,19,0,287,306,0.06593406593406594,0.0,0.9340659340659341,False,False,False,False,True,False
Y18-107,Use Permit Administrative,AUP Century Theatres,1201 LOCUST ST,Simar Gill,Close Out,2018-11-06,2019-07-30,Yes,UP Admin,1,,0,Yes,No,1,267,0,1,268,177,0,1,178,0.996268656716418,0.0,0.0037313432835820895,False,False,False,False,False,True
Y18-108,Use Permit Administrative,AUP Blaze Pizza @The Lyric,1602 BONANZA ST,Haley Croffoot,Approved - Closed,2018-11-26,2019-05-15,Yes,UP Admin,1,,0,Yes,No,2,15,7,1,23,11,5,1,17,0.6521739130434783,0.30434782608695654,0.043478260869565216,False,False,False,False,False,True
Y18-112,Design Review Sign,Montego Ridge Offices Monument Sign,1200 MONTEGO WAY,Haley Croffoot,Approved - Closed,2018-11-20,2019-03-06,Yes,DR Sign,1,DRC,1,No,Yes,2,57,24,1,82,40,9,1,50,0.6951219512195121,0.2926829268292683,0.012195121951219513,False,True,False,False,False,False
Y18-113,Design Review Residential,Park Lake Amenities Building,260 PARK LAKE CIR,Trishia Caguiat,Close Out,2018-11-20,2019-06-25,Yes,DR Resi,1,DRC,1,No,Yes,3,133,85,1,219,91,53,1,145,0.6073059360730594,0.3881278538812785,0.0045662100456621,False,True,True,False,False,False
Y18-115,Design Review Commercial,New Patio for Blaze Pizza at Lyric,1602 BONANZA ST,Haley Croffoot,Approved - Closed,2018-12-04,2019-05-15,Yes,DR Comm,1,,0,Yes,Yes,3,47,89,1,137,35,54,1,90,0.34306569343065696,0.6496350364963503,0.0072992700729927005,False,True,False,True,False,False
Y18-116,Use Permit Administrative,AUP BAYGREENS SALAD WALNUT CREEK,1653 MT DIABLO BL,Haley Croffoot,Approved - Closed,2018-12-06,2019-01-24,Yes,UP Admin,1,,0,Yes,No,1,16,0,1,17,12,0,1,13,0.9411764705882353,0.0,0.058823529411764705,False,False,False,False,False,True
Y18-120,Design Review Residential,Azar new SFH OH,425 GOLF CT,Simar Gill,Approved - Closed,2018-12-12,2019-10-16,Yes,DR Resi,1,DRC,1,No,Yes,4,94,159,57,310,61,109,40,210,0.3032258064516129,0.5129032258064516,0.18387096774193548,False,True,True,False,False,False
Y18-124,Tentative Map Minor Subdivision,Montego Way Minor Subdivision,1200 MONTEGO,Haley Croffoot,Approved - Closed,2018-12-18,2020-05-22,Yes,"*Tentative Map Minor Subdivision, UP Minor",2,ZA,1,No,Yes,2,81,59,367,507,52,39,248,339,0.15976331360946747,0.11637080867850098,0.7238658777120316,False,False,False,False,False,False
Y18-125,Use Permit Administrative,ThaiThani AUP at the Orchards,2892 YGNACIO VALLEY RD,Simar Gill,Close Out,2018-12-18,2019-02-04,Yes,UP Admin,1,,0,Yes,No,1,49,0,1,50,27,0,1,28,0.98,0.0,0.02,False,False,False,False,False,True
Y18-126,Design Review Other,The Heritage Senior Housing Gym Amenity,1785 SHUEY AV,Chip Griffin,Close Out,2019-02-25,2019-02-25,Yes,DR Other,1,,0,Yes,Yes,1,1,0,1,2,1,0,1,2,0.5,0.0,0.5,False,True,False,False,False,False
Y18-128,Hillside Performance Standards,Inglesby Grillo SFR Addition,125 GROVER LN,Simar Gill,Close Out,2018-12-19,2019-03-27,Yes,Hillside Performance Standards,1,ZA,1,No,Yes,1,99,0,1,100,62,0,1,63,0.99,0.0,0.01,False,False,False,False,False,False
Y19-001,Variance,Speeth SFR Variance,112 GLEN CT,Trishia Caguiat,Close Out,2019-01-09,2019-03-27,Yes,Variance,1,ZA,1,Yes,Yes,3,52,27,1,80,36,19,1,56,0.65,0.3375,0.0125,False,False,False,False,False,False
Y19-002,Use Permit Conditional,Modern Acupuncture CUP,1867 YGNACIO VALLEY RD,Simar Gill,Approved - Closed,2019-01-24,2019-03-19,Yes,UP Conditional,1,PC,1,No,Yes,1,27,0,6,33,18,0,4,22,0.8181818181818182,0.0,0.18181818181818182,False,False,False,False,True,False
Y19-007,Use Permit Conditional,Verizon Wireless @ EBMUD,1841 GEARY RD,Simar Gill,Approved,2019-01-24,2020-03-03,Yes,UP Conditional,1,PC,1,Yes,Yes,3,44,244,76,364,32,170,45,247,0.12087912087912088,0.6703296703296703,0.2087912087912088,False,False,False,False,True,False
Y19-009,Design Review Sign,Beacon gas station rebranding,1387 S CALIFORNIA BLVD,Simar Gill,Close Out,2019-01-30,2019-03-21,Yes,DR Sign,1,,0,Yes,Yes,1,51,0,1,52,36,0,1,37,0.9807692307692307,0.0,0.019230769230769232,False,True,False,False,False,False
Y19-011,Design Review Commercial,Kaiperm Credit Union Exterior ATM,325 N WIGET LN,Simar Gill,Close Out,2019-02-07,2019-03-15,Yes,DR Comm,1,,0,Yes,Yes,1,37,0,1,38,26,0,1,27,0.9736842105263158,0.0,0.02631578947368421,False,True,False,True,False,False
Y19-014,Use Permit Conditional,1515 Restaurant CUP ALCH,1515 N MAIN ST,Haley Croffoot,Close Out,2019-02-20,2019-12-16,Yes,UP Conditional,1,PC,1,No,Yes,2,198,26,68,292,139,18,45,202,0.678082191780822,0.08904109589041095,0.2328767123287671,False,False,False,False,True,False
Y19-015,Design Review Residential,GERSHEN SFR ADDITION OH,2073 ROCKSPRING PL,Simar Gill,Close Out,2019-02-21,2019-03-21,Yes,DR Resi,1,,0,Yes,No,1,29,0,1,30,21,0,1,22,0.9666666666666667,0.0,0.03333333333333333,False,True,True,False,False,False
Y19-016,Design Review Commercial,SHERWIN-WILLIAMS PAINTS IN MASSE PARKING,2711 N MAIN ST,Alan Carreon,Close Out,2019-03-01,2019-12-19,Yes,"*DR Comm, Tree Removal Permit",2,PC,1,Yes,Yes,4,124,220,1,345,82,150,1,233,0.35942028985507246,0.6376811594202898,0.002898550724637681,False,True,False,True,False,False
Y19-022,Design Review Sign,The Reserve MFR Monument Sign,1011 YGNACIO VALLEY RD,Simar Gill,Close Out,2019-02-27,2019-05-16,Yes,DR Sign,1,,0,Yes,Yes,2,68,11,1,80,50,7,1,58,0.85,0.1375,0.0125,False,True,False,False,False,False
Y19-023,Design Review Sign,The Bridge MFR Monument Sign,125 NEAR CT,Simar Gill,Close Out,2019-02-27,2019-05-16,Yes,DR Sign,1,,0,Yes,Yes,1,79,0,1,80,57,0,1,58,0.9875,0.0,0.0125,False,True,False,False,False,False
Y19-024,Zoning Amendment,DR for new Bank of America building,2153 OAK GROVE DR,"Simar Gill, Haley Croffoot",Approved,2019-02-28,2019-09-18,Yes,"*Zoning Amendment, DR Comm",2,DRC,1,No,Yes,3,70,131,1,202,49,91,1,141,0.3465346534653465,0.6485148514851485,0.0049504950495049506,False,True,False,True,False,False
Y19-027,Tentative Map Minor Subdivision,Larkey Ln Estates Minor Sub & SFRs,2832 LARKEY LN,Simar Gill,Approved,2019-03-12,2019-08-23,Yes,"*Tentative Map Minor Subdivision, DR Resi",2,ZA,1,Yes,Yes,2,152,13,31,196,108,9,23,140,0.7755102040816326,0.0663265306122449,0.15816326530612246,False,True,True,False,False,False
Y19-028,Design Review Residential,HOMESTEAD MFR EXT REMODEL,1301 HOMESTEAD AV,Greg Kapovich,Close Out,2019-03-14,2019-09-23,Yes,DR Resi,1,,0,Yes,No,2,168,26,1,195,117,18,1,136,0.8615384615384616,0.13333333333333333,0.005128205128205128,False,True,True,False,False,False
Y19-031,Use Permit Conditional,Wellspring School CUP Amendment,1543 SUNNYVALE AVE,Simar Gill,Approved - Closed,2019-03-19,2019-05-14,Yes,UP Conditional,1,PC,1,No,Yes,1,32,0,6,38,24,0,4,28,0.8421052631578947,0.0,0.15789473684210525,False,False,False,False,True,False
Y19-034,Use Permit Administrative,AUP for Galpao Gaucho Brazilian Steakhouse,1444 N CALIFORNIA BL,Simar Gill,Close Out,2019-03-26,2019-04-24,Yes,UP Admin,1,,0,Yes,No,1,30,0,1,31,22,0,1,23,0.967741935483871,0.0,0.03225806451612903,False,False,False,False,False,True
Y19-035,Design Review Sign,ATRIUM DOWNTOWN MONUMENT SIGN,1812 TRINITY AVE,"Simar Gill, Trishia Caguiat",Close Out,2019-03-28,2019-11-01,Yes,DR Sign,1,,0,Yes,Yes,2,106,113,1,220,75,79,1,155,0.4818181818181818,0.5136363636363637,0.004545454545454545,False,True,False,False,False,False
Y19-039,Design Review Commercial,Bare Minerals Storefront Remodel,1237 BROADWAY PZ,Simar Gill,Close Out,2019-04-09,2019-07-25,Yes,DR Comm,1,,0,Yes,Yes,2,102,13,1,116,73,8,1,82,0.8793103448275862,0.11206896551724138,0.008620689655172414,False,True,False,True,False,False
Y19-040,Design Review Commercial,15 Fifty 5 MSP Amendment,1555 RIVIERA AVE,Haley Croffoot,Approved,2019-04-09,2019-06-06,Yes,DR Comm,1,DRC,1,No,Yes,1,16,0,1,17,12,0,1,13,0.9411764705882353,0.0,0.058823529411764705,False,True,False,True,False,False
Y19-042,Use Permit Conditional,Element 7 Commercial Medicinal Cannabis Delivery,1448 SOS DR,Greg Kapovich,Close Out,2019-04-10,2019-07-12,Yes,UP Conditional,1,PC,1,No,Yes,2,68,26,1,95,49,17,1,67,0.7157894736842105,0.2736842105263158,0.010526315789473684,False,False,False,False,True,False
Y19-043,Use Permit Administrative,Twisted Times Restaurant AUP,2065 N BROADWAY,"Trishia Caguiat, Ethan Bindernagel",Approved,2019-04-17,2019-06-28,Yes,UP Admin,1,,0,Yes,No,1,65,0,1,66,46,0,1,47,0.9848484848484849,0.0,0.015151515151515152,False,False,False,False,False,True
Y19-045,Use Permit Administrative,Lever Coffee Parlor AUP,1410 N MAIN ST,Haley Croffoot,Approved,2019-04-24,2019-05-21,Yes,UP Admin,1,,0,Yes,No,1,28,0,1,29,20,0,1,21,0.9655172413793104,0.0,0.034482758620689655,False,False,False,False,False,True
Y19-046,Design Review Commercial,Shell Signage at 1790 YVR,1790 YGNACIO VALLEY RD,Simar Gill,Close Out,2019-04-30,2019-07-09,Yes,DR Comm,1,,0,Yes,Yes,1,71,0,1,72,49,0,1,50,0.9861111111111112,0.0,0.013888888888888888,False,True,False,True,False,False
Y19-048,Design Review Commercial,La Cucina Di Ramona Cafe AUP & DR,2099 MT DIABLO BLVD,Haley Croffoot,Close Out,2019-05-06,2020-01-08,Yes,"*DR Comm, UP Admin",2,,0,Yes,Yes,2,36,193,1,230,27,132,1,160,0.1565217391304348,0.8391304347826087,0.004347826086956522,False,True,False,True,False,True
Y19-050,Use Permit Administrative,DULCE'S ANTOJITOS AUP,2333 OAK GROVE RD,Haley Croffoot,Close Out,2019-05-09,2019-06-28,Yes,UP Admin,1,,0,Yes,No,1,26,0,1,27,17,0,1,18,0.9629629629629629,0.0,0.037037037037037035,False,False,False,False,False,True
Y19-055,Use Permit Conditional,Amy's Drive Thru Restaurant,1510 2ND AVE,Alan Carreon,Close Out,2019-05-23,2020-03-03,Yes,"*UP Conditional, DR Comm, Tree Removal Permit",3,"PC, CC",2,No,Yes,2,46,106,76,228,31,74,45,150,0.20175438596491227,0.4649122807017544,0.3333333333333333,False,True,False,True,True,False
Y19-058,Design Review Commercial,John Muir Hospital Employee Parking Lot and Site Mods,230 LA CASA VIA,Greg Kapovich,Close Out,2019-06-14,2019-12-10,Yes,DR Comm,1,DRC,1,No,Yes,2,68,55,1,124,47,38,1,86,0.5483870967741935,0.4435483870967742,0.008064516129032258,False,True,False,True,False,False
Y19-059,Design Review Commercial,SPEEDWAY GAS STATION SIGNAGE,265 YGNACIO VALLEY RD,Greg Kapovich,Close Out,2019-06-20,2019-08-09,Yes,DR Comm,1,,0,Yes,Yes,2,34,17,1,52,25,11,1,37,0.6538461538461539,0.3269230769230769,0.019230769230769232,False,True,False,True,False,False
Y19-060,Design Review Commercial,SPEEDWAY GAS STATION SIGNAGE,2098 MT DIABLO BLVD,Greg Kapovich,Close Out,2019-06-20,2019-08-12,Yes,DR Comm,1,,0,Yes,Yes,2,37,17,1,55,26,11,1,38,0.6727272727272727,0.3090909090909091,0.01818181818181818,False,True,False,True,False,False
Y19-061,Use Permit Conditional,DIABLO ESCAPE ROOM,1948 MT DIABLO BL,Simar Gill,Approved,2019-06-20,2019-09-16,Yes,UP Conditional,1,PC,1,No,Yes,2,53,16,5,74,38,10,3,51,0.7162162162162162,0.21621621621621623,0.06756756756756757,False,False,False,False,True,False
Y19-065,Use Permit Conditional,OVERNIGHT SAFE PARKING PROGRAM,1650 YGNACIO VALLEY RD,Simar Gill,Approved - Closed,2019-06-26,2019-08-21,Yes,UP Conditional,1,PC,1,No,Yes,2,42,2,14,58,29,2,10,41,0.7241379310344828,0.034482758620689655,0.2413793103448276,False,False,False,False,True,False
Y19-067,Use Permit Administrative,TAQUERIA LA PLAZA AUP,1510 PALOS VERDES MA,Simar Gill,Close Out,2019-06-27,2019-09-09,Yes,UP Admin,1,,0,Yes,No,1,75,0,1,76,51,0,1,52,0.9868421052631579,0.0,0.013157894736842105,False,False,False,False,False,True
Y19-068,Tentative Map Major Subdivision,1501 N. CA Mixed Use,1501 N CALIFORNIA BLVD,Alan Carreon,Close Out,2019-06-27,2020-12-10,Yes,"*Tentative Map Major Subdivision, DR Comm",2,DRC,1,No,Yes,5,123,310,1,434,84,209,1,294,0.2834101382488479,0.7142857142857143,0.002304147465437788,False,True,False,True,False,False
Y19-069,Design Review Other,Gorjana jewelry store at Broadway Plaza,135 BROADWAY LN,Chip Griffin,Close Out,2019-07-01,2020-02-07,Yes,DR Other,1,,0,Yes,Yes,1,44,0,179,223,31,0,117,148,0.19730941704035873,0.0,0.8026905829596412,False,True,False,False,False,False
Y19-070,Design Review Commercial,PLAZA ESCUELA DRC COLOR CHANGES,1181 LOCUST ST,Chip Griffin,Close Out,2019-07-01,2019-10-02,Yes,DR Comm,1,DRC,1,No,Yes,2,63,11,1,75,45,7,1,53,0.84,0.14666666666666667,0.013333333333333334,False,True,False,True,False,False
Y19-073,Use Permit Administrative,WHOLE FOODS AUP,1333 NEWELL AV,Simar Gill,Approved - Closed,2019-07-03,2019-10-30,Yes,UP Admin,1,,0,Yes,No,2,55,65,1,121,40,44,1,85,0.45454545454545453,0.5371900826446281,0.008264462809917356,False,False,False,False,False,True
Y19-078,Use Permit Administrative,BIERHAUS AUP,1360 LOCUST ST,Simar Gill,Close Out,2019-07-22,2019-08-23,Yes,UP Admin,1,,0,Yes,No,1,33,0,1,34,25,0,1,26,0.9705882352941176,0.0,0.029411764705882353,False,False,False,False,False,True
Y19-080,Use Permit Conditional,NEW VERIZON WIRELESS FACILITY MONOPINE,2500 N MAIN ST,Chip Griffin,Close Out,2019-07-25,2019-10-10,Yes,UP Conditional,1,PC,1,No,Yes,1,48,0,1,49,33,0,1,34,0.9795918367346939,0.0,0.02040816326530612,False,False,False,False,True,False
Y19-081,Use Permit Conditional,Trinity Center Winter Emergency Shelter at the Armory - CUP,1800 CARMEL DR,Greg Kapovich,Close Out,2019-07-25,2019-09-17,Yes,UP Conditional,1,PC,1,No,Yes,1,13,0,1,14,9,0,1,10,0.9285714285714286,0.0,0.07142857142857142,False,False,False,False,True,False
Y19-083,Use Permit Administrative,MARRIOTT AUP,2050 N CALIFORNIA BLVD,Chip Griffin,Close Out,2019-07-29,2019-08-12,Yes,UP Admin,1,,0,Yes,No,1,15,0,1,16,11,0,1,12,0.9375,0.0,0.0625,False,False,False,False,False,True
Y19-086,Design Review Residential,OVERLOOK 2ND STORY ADDITION,2166 OVERLOOK DR,Greg Kapovich,Close Out,2019-07-30,2020-06-10,Yes,DR Resi,1,,0,Yes,No,3,91,203,1,295,62,135,1,198,0.30847457627118646,0.688135593220339,0.003389830508474576,False,True,True,False,False,False
Y19-088,Design Review Other,Larkwood Townhomes Carport Replacements,1600 SAN LUIS RD,Simar Gill,Close Out,2019-08-06,2019-09-16,Yes,DR Other,1,,0,Yes,Yes,2,31,11,1,43,22,7,1,30,0.7209302325581395,0.2558139534883721,0.023255813953488372,False,True,False,False,False,False
Y19-090,Design Review Commercial,7-ELEVEN NEW BUILDING AND SIGNAGE,690 YGNACIO VALLEY RD,Chip Griffin,Close Out,2019-08-12,2020-07-15,Yes,"*DR Comm, UP Admin, UP Conditional",3,"PC, DRC",2,No,Yes,3,214,22,49,285,143,14,34,191,0.7508771929824561,0.07719298245614035,0.17192982456140352,False,True,False,True,True,True
Y19-097,Use Permit Conditional,OAK KNOLL LOOP AIRBNB,191 OAK KNOLL LOOP,Simar Gill,Approved - Closed,2019-08-26,2020-03-30,Yes,UP Conditional,1,PC,1,No,Yes,1,78,0,117,195,54,0,74,128,0.4,0.0,0.6,False,False,False,False,True,False
Y19-098,Use Permit Administrative,TAQUERIA EL MOLINO AUP,2228 OAK GROVE RD,Simar Gill,Approved - Closed,2019-08-27,2019-10-30,Yes,UP Admin,1,,0,Yes,No,1,65,0,1,66,46,0,1,47,0.9848484848484849,0.0,0.015151515151515152,False,False,False,False,False,True
Y19-099,Use Permit Conditional,JOHN MUIR MEDICAL OFFICE,1914 TICE VALLEY BL,Alan Carreon,Close Out,2019-08-27,2020-02-05,Yes,UP Conditional,1,PC,1,No,Yes,1,28,0,119,147,19,0,74,93,0.19047619047619047,0.0,0.8095238095238095,False,False,False,False,True,False
Y19-101,Use Permit Administrative,CAPULLO RESTAURANT AUP,1518 BONANZA ST,Ozzy Arce,Approved,2019-10-01,2020-02-12,Yes,UP Admin,1,,0,Yes,No,2,81,54,1,136,56,30,1,87,0.5955882352941176,0.39705882352941174,0.007352941176470588,False,False,False,False,False,True
Y19-102,Design Review Commercial,LEVER COFFEE FACADE IMPROVEMENTS,1410 N MAIN ST,Chip Griffin,Close Out,2019-09-03,2019-10-29,Yes,DR Comm,1,,0,Yes,Yes,2,32,5,1,38,24,3,1,28,0.8421052631578947,0.13157894736842105,0.02631578947368421,False,True,False,True,False,False
Y19-103,Use Permit Administrative,CREEK HOUSE DIM SUM AUP,1291 PARKSIDE DR,Ozzy Arce,Approved - Closed,2019-09-04,2020-02-05,Yes,UP Admin,1,,0,Yes,No,2,29,5,121,155,21,3,76,100,0.1870967741935484,0.03225806451612903,0.7806451612903226,False,False,False,False,False,True
Y19-113,Design Review Commercial,1357 N MAIN ST FACADE IMPROVEMENTS,1357 N MAIN ST,Chip Griffin,Approved - Closed,2019-09-24,2021-06-04,Yes,DR Comm,1,,0,Yes,Yes,1,105,0,516,621,65,0,352,417,0.16908212560386474,0.0,0.8309178743961353,False,True,False,True,False,False
Y19-114,Design Review Commercial,INDOCHINO FACADE IMPROVEMENTS @ BRDWAY PLAZA,1282 BROADWAY PZ,Simar Gill,Close Out,2019-09-27,2019-10-31,Yes,DR Comm,1,,0,Yes,Yes,1,35,0,1,36,25,0,1,26,0.9722222222222222,0.0,0.027777777777777776,False,True,False,True,False,False
Y19-116,Design Review Residential,SHADY GLEN SINGLE FAMILY HOME,353 SHADY GLEN RD,Jessica Gonzalez,Close Out,2019-10-10,2020-02-26,Yes,"*DR Resi, Hillside Performance Standards",2,ZA,1,No,Yes,3,73,67,1,141,52,36,1,89,0.5177304964539007,0.475177304964539,0.0070921985815602835,False,True,True,False,False,False
Y19-118,Design Review Commercial,BURMA 2 FRONT AWNING,1616 N MAIN ST,Jessica Gonzalez,Not Approved - Closed,2019-10-15,2020-02-12,Yes,DR Comm,1,DRC,1,No,Yes,3,62,18,35,115,38,10,24,72,0.5391304347826087,0.1565217391304348,0.30434782608695654,False,True,False,True,False,False
Y19-119,Use Permit Conditional,MODERN CHINA CAFE CUP,1525 N MAIN ST,Chip Griffin,Approved - Closed,2019-10-15,2019-12-17,Yes,UP Conditional,1,PC,1,Yes,Yes,1,121,0,13,134,76,0,9,85,0.9029850746268657,0.0,0.09701492537313433,False,False,False,False,True,False
Y19-121,Design Review Commercial,PUBLIC STORAGE SIGNS,2500 N MAIN ST,Jessica Gonzalez,Close Out,2019-10-16,2020-03-04,Yes,DR Comm,1,DRC,1,No,Yes,3,44,20,78,142,32,11,47,90,0.30985915492957744,0.14084507042253522,0.5492957746478874,False,True,False,True,False,False
Y19-125,Design Review Commercial,BIERHAUS FACADE IMPROVEMENTS,1360 LOCUST ST,Jessica Gonzalez,Close Out,2019-10-22,2020-03-17,Yes,DR Comm,1,,0,Yes,Yes,2,56,79,1,136,39,46,1,86,0.4117647058823529,0.5808823529411765,0.007352941176470588,False,True,False,True,False,False
Y19-126,Design Review Commercial,EBMUD CANOPY AND SITE IMPROVEMENTS,2658 N MAIN ST,"Jessica Gonzalez, Jessica Gonzalez",Approved - Closed,2019-10-23,2019-12-09,Yes,DR Comm,1,,0,Yes,Yes,2,23,12,14,49,17,7,8,32,0.46938775510204084,0.24489795918367346,0.2857142857142857,False,True,False,True,False,False
Y19-128,Design Review Sign,ROTATOR TAPROOM BANNER SIGN,1415 PINE ST,Simar Gill,Close Out,2019-10-24,2020-01-22,Yes,DR Sign,1,,0,Yes,Yes,2,62,20,1,83,41,7,1,49,0.7469879518072289,0.24096385542168675,0.012048192771084338,False,True,False,False,False,False
Y19-130,Use Permit Conditional,Reiser Bed N Breakfast Inn (Airbnb),1854 SHUEY AV,Alan Carreon,Approved - Closed,2019-10-29,2020-03-02,Yes,UP Conditional,1,PC,1,No,Yes,1,36,0,19,55,23,0,12,35,0.6545454545454545,0.0,0.34545454545454546,False,False,False,False,True,False
Y19-131,Design Review Commercial,BASS MEDICAL CANOPIES,2637 SHADELANDS DR,Simar Gill,Approved - Closed,2019-11-06,2020-10-21,Yes,DR Comm,1,,0,Yes,Yes,1,38,0,314,352,25,0,212,237,0.10795454545454546,0.0,0.8920454545454546,False,True,False,True,False,False
Y19-132,Use Permit Administrative,BURGER LOFT AUP,1389 N MAIN ST,Jessica Gonzalez,Approved - Closed,2019-11-12,2020-01-20,Yes,UP Admin,1,,0,Yes,No,2,43,14,14,71,24,8,9,41,0.6056338028169014,0.19718309859154928,0.19718309859154928,False,False,False,False,False,True
Y19-133,Design Review Commercial,CAPRICE APARTMENTS REMODEL,1726 LACASSIE AVE,Simar Gill,Close Out,2019-11-18,2019-12-20,Yes,DR Comm,1,,0,Yes,Yes,1,33,0,1,34,23,0,1,24,0.9705882352941176,0.0,0.029411764705882353,False,True,False,True,False,False
Y19-134,Design Review Commercial,Rodd and Gunn at Broadway PLAZA,1243 BROADWAY PZ,Jessica Gonzalez,Close Out,2019-11-20,2020-03-09,Yes,DR Comm,1,,0,Yes,Yes,2,55,44,1,100,36,24,1,61,0.55,0.44,0.01,False,True,False,True,False,False
Y19-136,Design Review Commercial,LAMBORGHINI SHOWROOM REMODEL AND SIGNAGE,2255 N MAIN ST,Chip Griffin,Close Out,2019-12-09,2020-02-12,Yes,DR Comm,1,,0,Yes,Yes,1,66,0,1,67,40,0,1,41,0.9850746268656716,0.0,0.014925373134328358,False,True,False,True,False,False
Y19-137,Use Permit Conditional,WALNUT CREEK THEATER CUP,1342 BROADWAY PLAZA,Haley Croffoot,Approved - Closed,2019-12-11,2020-03-23,Yes,UP Conditional,1,PC,1,No,Yes,1,28,0,61,89,13,0,42,55,0.3146067415730337,0.0,0.6853932584269663,False,False,False,False,True,False
Y19-138,Design Review Residential,2801 LARKEY DESIGN REVIEW,2801 LARKEY LN,Jessica Gonzalez,Close Out,2019-12-18,2020-04-28,Yes,DR Resi,1,,0,Yes,No,4,95,38,1,134,61,25,1,87,0.7089552238805971,0.2835820895522388,0.007462686567164179,False,True,True,False,False,False
Y19-139,Use Permit Administrative,TOYOSU AUP,1552 LOCUST ST,Haley Croffoot,Approved - Closed,2019-12-18,2020-03-23,Yes,UP Admin,1,,0,Yes,No,2,23,0,49,72,10,0,34,44,0.3194444444444444,0.0,0.6805555555555556,False,False,False,False,False,True
Y19-140,Design Review Commercial,EVERLANE STOREFRONT REMODEL @BROADWAY PLZ,1260 BROADWAY PZ,"Simar Gill, Haley Croffoot",Not Approved - Closed,2019-12-19,2022-12-20,Yes,DR Comm,1,,0,Yes,Yes,1,1098,0,1,1099,740,0,1,741,0.9990900818926297,0.0,0.0009099181073703367,False,True,False,True,False,False
Y20-004,Design Review Sign,BASS MEDICAL WALL SIGN,2637 SHADELANDS DR,Haley Croffoot,Approved - Closed,2020-01-16,2020-02-05,Yes,DR Sign,1,,0,Yes,Yes,1,21,0,1,22,14,0,1,15,0.9545454545454546,0.0,0.045454545454545456,False,True,False,False,False,False
Y20-011,Design Review Residential,2ND AVENUE - 2 SINGLE FAMILY RESIDENCES,1901 2ND AVE,Jessica Gonzalez,Close Out,2020-01-28,2020-07-21,Yes,DR Resi,1,,0,Yes,No,3,112,53,1,166,79,37,1,117,0.6746987951807228,0.3192771084337349,0.006024096385542169,False,True,True,False,False,False
Y20-016,Design Review Sign,WALNUT CREEK DEPOT BUILDING MSP,850 S BROADWAY,Haley Croffoot,Approved,2020-01-30,2020-09-21,Yes,DR Sign,1,DRC,1,No,Yes,2,56,138,34,228,39,96,23,158,0.24561403508771928,0.6052631578947368,0.14912280701754385,False,True,False,False,False,False
Y20-024,Design Review Commercial,WALNUT CREEK TRANSIT VILLAGE MSP,200 YGNACIO VALLEY RD,Simar Gill,Close Out,2020-02-24,2020-08-05,Yes,DR Comm,1,DRC,1,No,Yes,2,133,15,1,149,93,11,1,105,0.8926174496644296,0.10067114093959731,0.006711409395973154,False,True,False,True,False,False
Y20-027,Design Review Residential,NARLOCH  POOL & PAVILION ADDITION,2323 DEER VALLEY LN,Jessica Gonzalez,Close Out,2020-03-03,2020-10-07,Yes,DR Resi,1,DRC,1,No,Yes,2,114,105,1,220,81,73,1,155,0.5181818181818182,0.4772727272727273,0.004545454545454545,False,True,True,False,False,False
Y20-028,Use Permit Conditional,REALTY ONE OFFICE USE CUP,200 PRINGLE AVE,Haley Croffoot,Approved,2020-03-05,2020-04-23,Yes,UP Conditional,1,PC,1,No,Yes,2,16,6,1,23,12,4,1,17,0.6956521739130435,0.2608695652173913,0.043478260869565216,False,False,False,False,True,False
Y20-029,Design Review Residential,Haven Development Co. SFRs & Lot Split,1631 1ST AVE,Alan Carreon,Close Out,2020-03-05,2020-08-04,Yes,"*DR Resi, Tentative Map Minor Subdivision",2,"ZA, DRC",2,No,Yes,2,37,24,70,131,25,18,49,92,0.2824427480916031,0.183206106870229,0.5343511450381679,False,True,True,False,False,False
Y20-032,Design Review Residential,ZECCARDI ADDITION,531 CHANDON CT,Jessica Gonzalez,Approved,2020-03-20,2020-06-19,Yes,DR Resi,1,,0,Yes,No,1,81,0,1,82,56,0,1,57,0.9878048780487805,0.0,0.012195121951219513,False,True,True,False,False,False
Y20-035,Use Permit Conditional,TWO LEFT FEET DANCE CENTER CUP,1651 BOTELHO DR,Simar Gill,Approved - Closed,2020-04-03,2020-06-29,Yes,UP Conditional,1,PC,1,No,Yes,2,77,7,5,89,54,5,3,62,0.8651685393258427,0.07865168539325842,0.056179775280898875,False,False,False,False,True,False
Y20-036,Design Review Commercial,YGNACIO CENTER FACADE IMPROVEMENTS,1990 N CALIFORNIA BLVD,Simar Gill,Close Out,2020-04-17,2020-07-01,Yes,DR Comm,1,DRC,1,No,Yes,1,46,0,1,47,31,0,1,32,0.9787234042553191,0.0,0.02127659574468085,False,True,False,True,False,False
Y20-039,Design Review Commercial,NESPRESSO FACADE IMPROVEMENTS,1180 BROADWAY PZ,Simar Gill,Close Out,2020-05-27,2020-08-27,Yes,DR Comm,1,,0,Yes,Yes,2,52,41,1,94,38,28,1,67,0.5531914893617021,0.43617021276595747,0.010638297872340425,False,True,False,True,False,False
Y20-040,Design Review Sign,GOLDEN TRIANGLE MSP,2175 N CALIFORNIA BL,Haley Croffoot,Approved,2020-05-29,2020-11-04,Yes,DR Sign,1,DRC,1,No,Yes,4,55,57,64,176,41,37,45,123,0.3125,0.32386363636363635,0.36363636363636365,False,True,False,False,False,False
Y20-042,Design Review Residential,GONSALVES MFR ADDITION,1858 SAN MIGUEL DR,"Jessica Gonzalez, Jessica Gonzalez",Close Out,2020-06-09,2020-09-07,Yes,DR Resi,1,,0,Yes,No,2,56,35,1,92,39,24,0,63,0.6086956521739131,0.3804347826086957,0.010869565217391304,False,True,True,False,False,False
Y20-043,Use Permit Minor,DIAZ FENCE MUP,1710 3RD AVE,Simar Gill,Approved - Closed,2020-06-16,2020-08-25,Yes,UP Minor,1,ZA,1,No,Yes,2,47,11,14,72,35,6,10,51,0.6527777777777778,0.1527777777777778,0.19444444444444445,False,False,False,False,False,False
Y20-044,Use Permit Administrative,SEQUOIA LIVING VIA MONTE AUP,2801 SHADELANDS DR,"Jessica Gonzalez, Jessica Gonzalez",Close Out,2020-06-18,2020-10-17,Yes,UP Admin,1,,0,Yes,No,2,113,33,1,147,79,23,0,102,0.7687074829931972,0.22448979591836735,0.006802721088435374,False,False,False,False,False,True
Y20-047,Design Review Residential,CLAYTON SFR ADDITION,2165 YOUNGS CT,Simar Gill,Close Out,2020-06-30,2020-08-12,Yes,DR Resi,1,,0,Yes,No,1,44,0,1,45,31,0,1,32,0.9777777777777777,0.0,0.022222222222222223,False,True,True,False,False,False
Y20-049,Design Review Commercial,ALTERRA MFR FACADE MODIFICATIONS,1204 ALPINE RD,Chip Griffin,Close Out,2020-07-17,2021-02-18,Yes,DR Comm,1,,0,Yes,Yes,2,51,17,1,69,37,10,1,48,0.7391304347826086,0.2463768115942029,0.014492753623188406,False,True,False,True,False,False
Y20-052,Design Review Residential,WALDEN MULTIFAMILY DEVELOPMENT,1394 WALDEN RD,Simar Gill,Close Out,2020-07-28,2022-12-20,Yes,"*DR Resi, Tentative Map Major Subdivision",2,"CC, PC",2,Yes,No,7,204,672,141,1017,134,459,97,690,0.20058997050147492,0.6607669616519174,0.13864306784660768,False,True,True,False,False,False
Y20-054,Design Review Residential,HAWORTH SFR ADDITION,100 LA BOLSA RD,Simar Gill,Close Out,2020-08-03,2020-09-14,Yes,DR Resi,1,,0,Yes,No,1,43,0,1,44,30,0,1,31,0.9772727272727273,0.0,0.022727272727272728,False,True,True,False,False,False
Y20-055,Design Review Commercial,ZEBRA STOREFRONT REMODEL,1419 BROADWAY N,Jessica Gonzalez,Approved - Closed,2020-08-03,2020-10-05,Yes,DR Comm,1,,0,Yes,Yes,1,51,0,14,65,36,0,10,46,0.7846153846153846,0.0,0.2153846153846154,False,True,False,True,False,False
Y20-056,Design Review Commercial,MERCEDES-BENZ ADDITION,1301 PARKSIDE DR,"Jessica Gonzalez, Jessica Gonzalez",Approved - Closed,2020-08-07,2021-09-20,Yes,DR Comm,1,DRC,1,No,Yes,4,111,84,216,411,75,51,152,278,0.27007299270072993,0.20437956204379562,0.5255474452554745,False,True,False,True,False,False
Y20-063,Design Review Commercial,JMMC Specialty Outpatient Bldg,175 LA CASA VIA,Alan Carreon,Close Out,2020-09-25,2021-03-17,Yes,DR Comm,1,DRC,1,No,Yes,2,52,87,1,140,38,50,1,89,0.37142857142857144,0.6214285714285714,0.007142857142857143,False,True,False,True,False,False
Y20-065,Use Permit Conditional,FUTURES IN EDUCATION CUP,101 YGNACIO VALLEY RD,Chip Griffin,Close Out,2020-09-30,2020-12-18,Yes,"*UP Conditional, UP Minor",2,PC,1,No,Yes,2,38,34,1,73,28,21,1,50,0.5205479452054794,0.4657534246575342,0.0136986301369863,False,False,False,False,True,False
Y20-068,Design Review Commercial,1129 MAIN STREET STOREFRONT FACADE REMODEL,1129 S MAIN ST,Simar Gill,Close Out,2020-10-05,2020-12-01,Yes,DR Comm,1,,0,Yes,Yes,2,44,14,1,59,29,10,1,40,0.7457627118644068,0.23728813559322035,0.01694915254237288,False,True,False,True,False,False
Y20-069,Use Permit Administrative,BRIOCHE DE PARIS AUP,1421 LOCUST ST,Jessica Gonzalez,Approved - Closed,2020-10-07,2020-11-25,Yes,UP Admin,1,,0,Yes,No,2,49,1,1,51,34,1,1,36,0.9607843137254902,0.0196078431372549,0.0196078431372549,False,False,False,False,False,True
Y20-074,Use Permit Administrative,ExpectAsian AUP,1385 N MAIN ST,Simar Gill,Close Out,2020-10-19,2020-11-09,Yes,UP Admin,1,,0,Yes,No,2,22,0,1,23,16,0,1,17,0.9565217391304348,0.0,0.043478260869565216,False,False,False,False,False,True
Y20-076,Use Permit Conditional,Muir Oncology Temp CT Trailer,500 LENNON LN,Alan Carreon,Close Out,2020-10-23,2021-03-25,Yes,UP Conditional,1,PC,1,No,Yes,3,55,76,1,132,37,44,1,82,0.4166666666666667,0.5757575757575758,0.007575757575757576,False,False,False,False,True,False
Y20-077,Design Review Commercial,HICKORY PIT PERGOLA,1495 S MAIN ST,Simar Gill,Close Out,2020-10-30,2020-12-01,Yes,DR Comm,1,,0,Yes,Yes,1,33,0,1,34,20,0,1,21,0.9705882352941176,0.0,0.029411764705882353,False,True,False,True,False,False
Y20-078,Use Permit Minor,MUP Reese Fence @ 3885 Arbolado Dr.,3885 ARBOLADO DR,Alan Carreon,Close Out,2020-10-30,2021-01-13,Yes,UP Minor,1,ZA,1,No,Yes,2,21,29,1,51,14,19,1,34,0.4117647058823529,0.5686274509803921,0.0196078431372549,False,False,False,False,False,False
Y20-080,Use Permit Conditional,KAIPERM CUP,1550 NEWELL AV,Jessica Gonzalez,Close Out,2020-11-02,2021-01-06,Yes,"*UP Conditional, DR Comm",2,PC,1,Yes,Yes,2,34,12,1,47,25,6,1,32,0.723404255319149,0.2553191489361702,0.02127659574468085,False,True,False,True,True,False
Y20-084,Use Permit Conditional,SHAKE SHACK DR-CUP,1604 MT DIABLO BLVD,Haley Croffoot,Approved - Closed,2020-11-13,2021-07-01,Yes,"*UP Conditional, DR Comm",2,"DRC, PC",2,No,Yes,4,82,93,107,282,57,57,76,190,0.2907801418439716,0.32978723404255317,0.37943262411347517,False,True,False,True,True,False
Y20-085,Design Review Commercial,Starbird Restaurant Facade @Encina Grande SC,2849 YGNACIO VALLEY RD,Alan Carreon,Close Out,2020-11-13,2021-01-14,Yes,DR Comm,1,,0,Yes,Yes,1,28,0,1,29,18,0,1,19,0.9655172413793104,0.0,0.034482758620689655,False,True,False,True,False,False
Y20-089,Design Review Residential,ALLEN SFR ADDITION,3 STEELE CT,Chip Griffin,Close Out,2020-11-18,2021-02-18,Yes,DR Resi,1,,0,Yes,No,1,93,0,1,94,56,0,1,57,0.9893617021276596,0.0,0.010638297872340425,False,True,True,False,False,False
Y20-092,Use Permit Conditional,Mercedes-Benz Temporary Vehicle Storage SUP,1910 BROADWAY N,Alan Carreon,Close Out,2020-12-11,2021-02-12,Yes,UP Conditional,1,PC,1,No,Yes,2,42,8,1,51,22,6,1,29,0.8235294117647058,0.1568627450980392,0.0196078431372549,False,False,False,False,True,False
Y20-095,Design Review Commercial,699 YGNACIO MIXED USE NEW BUILDING,699 YGNACIO VALLEY RD,Haley Croffoot,Approved,2020-12-18,2021-03-18,Yes,DR Comm,1,,0,Yes,Yes,1,85,0,1,86,52,0,1,53,0.9883720930232558,0.0,0.011627906976744186,False,True,False,True,False,False
Y21-003,Design Review Commercial,5 TACOS & BEERS DR/AUP,1352 LOCUST ST,Haley Croffoot,Approved - Closed,2021-01-08,2021-07-14,Yes,"*DR Comm, UP Admin",2,,0,Yes,Yes,5,97,71,1,169,67,50,1,118,0.5739644970414202,0.42011834319526625,0.005917159763313609,False,True,False,True,False,True
Y21-005,General Plan Amendment,WC TOYOTA MIXED USE,2100 N BROADWAY,Chip Griffin,Close Out,2021-01-21,2021-02-17,Yes,"*General Plan Amendment, Zoning Amendment",2,CC,1,No,Yes,1,28,0,1,29,19,0,1,20,0.9655172413793104,0.0,0.034482758620689655,False,False,False,False,False,False
Y21-014,Design Review Residential,HUA MFR ADDITION,806 PASEO ROBLE CT,Chip Griffin,Close Out,2021-02-12,2021-04-16,Yes,DR Resi,1,,0,Yes,No,1,64,0,1,65,45,0,1,46,0.9846153846153847,0.0,0.015384615384615385,False,True,True,False,False,False
Y21-019,Design Review Sign,BANFIELD PET HOSPITAL MONUMENT SIGN,1780 YGNACIO VALLEY RD,Jessica Gonzalez,Approved - Closed,2021-02-26,2021-05-29,Yes,DR Sign,1,DRC,1,Yes,Yes,2,44,13,25,82,32,9,18,59,0.5365853658536586,0.15853658536585366,0.3048780487804878,False,True,False,False,False,False
Y21-023,Use Permit Administrative,TAQUERIO LIMON AUP,1653 MT DIABLO BL,Jessica Gonzalez,Approved - Closed,2021-03-19,2021-05-14,Yes,UP Admin,1,,0,Yes,No,1,47,0,11,58,33,0,9,42,0.8103448275862069,0.0,0.1896551724137931,False,False,False,False,False,True
Y21-026,Use Permit Conditional,PLANET FITNESS CUP,1697 MT DIABLO BL,Simar Gill,Close Out,2021-03-31,2021-09-09,Yes,UP Conditional,1,PC,1,No,Yes,2,41,116,1,158,31,81,1,113,0.25949367088607594,0.7341772151898734,0.006329113924050633,False,False,False,False,True,False
Y21-028,Design Review Commercial,PRIMROSE DAYCARE NEW BUILDING,2291 OAK GROVE RD,Simar Gill,Close Out,2021-04-02,2022-01-18,Yes,"*DR Comm, UP Conditional",2,PC,1,No,Yes,2,51,195,1,247,34,137,1,172,0.20647773279352227,0.7894736842105263,0.004048582995951417,False,True,False,True,True,False
Y21-036,Use Permit Administrative,GATHER WEDDINGS & EVENTS AUP,1347 LOCUST ST,Haley Croffoot,Approved - Closed,2021-05-05,2021-10-27,Yes,UP Admin,1,,0,Yes,No,2,37,81,1,119,26,57,1,84,0.31092436974789917,0.680672268907563,0.008403361344537815,False,False,False,False,False,True
Y21-041,Use Permit Administrative,LITA'S TACO BAR AUP,1602 BONANZA ST,Haley Croffoot,Approved - Closed,2021-05-19,2021-12-14,Yes,UP Admin,1,,0,Yes,No,1,55,0,146,201,38,0,100,138,0.2736318407960199,0.0,0.7263681592039801,False,False,False,False,False,True
Y21-052,Design Review Commercial,ENCLAVE APARTMENT EXTERIOR GATES,3081 N MAIN ST,Jessica Gonzalez,Approved - Closed,2021-06-14,2021-09-21,Yes,DR Comm,1,,0,Yes,Yes,2,44,51,6,101,31,37,4,72,0.43564356435643564,0.504950495049505,0.0594059405940594,False,True,False,True,False,False
Y21-054,Variance,ALVARO SFR VARIANCE,2695 OVERLOOK DR,Chip Griffin,Approved,2021-06-15,2021-11-10,Yes,Variance,1,,0,Yes,Yes,2,32,117,1,150,24,82,1,107,0.21333333333333335,0.78,0.006666666666666667,False,False,False,False,False,False
Y21-055,ZCL,VERIZON WIRELESS @ 0 BISHOP LANE,0 BISHOP LN,Gerardo Victoria,Approved - Closed,2021-06-18,2021-07-02,Yes,ZCL,1,,0,Yes,No,1,15,0,1,16,11,0,1,12,0.9375,0.0,0.0625,False,False,False,False,False,False
Y21-056,ZCL,ZCL - 165 LENNON LANE,165 LENNON LN,Gerardo Victoria,Approved - Closed,2021-06-18,2021-07-28,Yes,ZCL,1,,0,Yes,No,1,41,0,1,42,29,0,1,30,0.9761904761904762,0.0,0.023809523809523808,False,False,False,False,False,False
Y21-057,ZCL,ZCL - 175 LENNON LANE,175 LENNON LN,Gerardo Victoria,Approved - Closed,2021-06-18,2021-08-04,Yes,ZCL,1,,0,Yes,No,1,48,0,1,49,34,0,1,35,0.9795918367346939,0.0,0.02040816326530612,False,False,False,False,False,False
Y21-058,ZCL,ZCL - 185 LENNON LN,185 LENNON LN,Gerardo Victoria,Approved - Closed,2021-06-18,2021-08-04,Yes,ZCL,1,,0,Yes,No,1,48,0,1,49,34,0,1,35,0.9795918367346939,0.0,0.02040816326530612,False,False,False,False,False,False
Y21-059,ZCL,ZCL - 205 LENNON LANE,205 LENNON LN,Gerardo Victoria,Approved - Closed,2021-06-18,2021-08-04,Yes,ZCL,1,,0,Yes,No,1,48,0,1,49,34,0,1,35,0.9795918367346939,0.0,0.02040816326530612,False,False,False,False,False,False
Y21-060,ZCL,ZCL - 215 LENNON LN,215 LENNON LN,Gerardo Victoria,Approved - Closed,2021-06-18,2021-08-04,Yes,ZCL,1,,0,Yes,No,1,48,0,1,49,34,0,1,35,0.9795918367346939,0.0,0.02040816326530612,False,False,False,False,False,False
Y21-061,ZCL,ZCL - 225 LENNON LN,225 LENNON LN,Gerardo Victoria,Approved - Closed,2021-06-18,2021-08-04,Yes,ZCL,1,,0,Yes,No,1,48,0,1,49,34,0,1,35,0.9795918367346939,0.0,0.02040816326530612,False,False,False,False,False,False
Y21-062,ZCL,ZCL - 0 LENNON LANE,0 LENNON LN,Gerardo Victoria,Approved - Closed,2021-06-18,2021-08-04,Yes,ZCL,1,,0,Yes,No,1,48,0,1,49,34,0,1,35,0.9795918367346939,0.0,0.02040816326530612,False,False,False,False,False,False
Y21-063,Design Review Commercial,JOHN MUIR HEALTH MSP AMENDMENT,177 LA CASA VIA,Haley Croffoot,Approved - Closed,2021-06-23,2022-02-17,Yes,DR Comm,1,DRC,1,No,Yes,1,31,0,2,33,23,0,2,25,0.9393939393939394,0.0,0.06060606060606061,False,True,False,True,False,False
Y21-067,ZCL,ZCL - 1200 MONTEGO,1200 MONTEGO,Gerardo Victoria,Approved - Closed,2021-09-01,2021-09-01,Yes,ZCL,1,,0,Yes,No,1,1,0,1,2,1,0,1,2,0.5,0.0,0.5,False,False,False,False,False,False
Y21-068,ZCL,ZCL - T-MOBILE @ 2499 N MAIN ST.,2499 N MAIN ST,Gerardo Victoria,Approved - Closed,2021-08-18,2021-08-18,Yes,ZCL,1,,0,Yes,No,1,1,0,1,2,1,0,1,2,0.5,0.0,0.5,False,False,False,False,False,False
Y21-072,ZCL,ZCL for Hick'ry Pit,1495 S MAIN ST,Gerardo Victoria,Approved - Closed,2021-07-14,2021-08-23,Yes,ZCL,1,,0,Yes,No,1,41,0,1,42,29,0,1,30,0.9761904761904762,0.0,0.023809523809523808,False,False,False,False,False,False
Y21-074,Design Review Residential,SECLUDED WOODS LOT 1 & 4,1835 WEAVER LN,Simar Gill,Close Out,2021-07-22,2022-01-19,Yes,DR Resi,1,DRC,1,No,Yes,3,97,55,1,153,66,38,1,105,0.6339869281045751,0.35947712418300654,0.006535947712418301,False,True,True,False,False,False
Y21-075,Use Permit Administrative,BIERHAUS RESTAURANT AUP,1360 LOCUST ST,Chip Griffin,Approved - Closed,2021-07-23,2021-11-10,Yes,UP Admin,1,,0,Yes,No,1,26,0,86,112,18,0,61,79,0.23214285714285715,0.0,0.7678571428571429,False,False,False,False,False,True
Y21-076,Use Permit Administrative,BOARD AND BRUSH STUDIO AUP,1414 N MAIN ST,Jessica Gonzalez,Approved - Closed,2021-07-26,2021-09-08,Yes,UP Admin,1,,0,Yes,No,1,23,0,23,46,17,0,16,33,0.5,0.0,0.5,False,False,False,False,False,True
Y21-077,Design Review Residential,MURPHY SFR ADDITION,1931 ARGONNE DR,Simar Gill,Close Out,2021-08-03,2021-09-07,Yes,DR Resi,1,,0,Yes,No,1,38,0,1,39,27,0,1,28,0.9743589743589743,0.0,0.02564102564102564,False,True,True,False,False,False
Y21-078,Design Review Residential,RASHIDI SFR ADDITION,525 MADONNA LN,Jessica Gonzalez,Close Out,2021-08-03,2022-01-05,Yes,DR Resi,1,,0,Yes,No,2,112,44,1,157,71,30,1,102,0.7133757961783439,0.2802547770700637,0.006369426751592357,False,True,True,False,False,False
Y21-079,Design Review Residential,HOLDEN SENIOR LIVING FACILITY,1220 ROSSMOOR PW,Haley Croffoot,Approved,2021-08-10,2022-04-06,Yes,DR Resi,1,DRC,1,Yes,No,4,155,98,1,254,106,62,1,169,0.610236220472441,0.3858267716535433,0.003937007874015748,False,True,True,False,False,False
Y21-080,ZCL,T-MOBILE WIRELESS ANTENNAS,401 WALNUT AVE,Gerardo Victoria,Approved - Closed,2021-08-17,2021-09-09,Yes,ZCL,1,,0,Yes,No,1,24,0,1,25,17,0,1,18,0.96,0.0,0.04,False,False,False,False,False,False
Y21-082,ZCL,DIRITO BROS ZCL,2020 N MAIN ST,Gerardo Victoria,Approved - Closed,2021-08-17,2021-10-28,Yes,ZCL,1,,0,Yes,No,1,73,0,1,74,52,0,1,53,0.9864864864864865,0.0,0.013513513513513514,False,False,False,False,False,False
Y21-084,Design Review Residential,PANG SFR ADDITION,2605 BUENA VISTA AV,Simar Gill,Close Out,2021-08-23,2021-12-08,Yes,"*DR Resi, Variance",2,ZA,1,No,Yes,2,63,38,1,102,42,27,1,70,0.6176470588235294,0.37254901960784315,0.00980392156862745,False,True,True,False,False,False
Y21-086,Design Review Commercial,LA FONTAINE RESTAURANT FACADE REMODEL,1375 BROADWAY N,Simar Gill,Close Out,2021-08-25,2021-09-28,Yes,DR Comm,1,,0,Yes,Yes,2,16,5,1,22,12,2,1,15,0.7272727272727273,0.22727272727272727,0.045454545454545456,False,True,False,True,False,False
Y21-088,Use Permit Administrative,ONIGILLY RESTAURANT AUP,1372 LOCUST ST,Haley Croffoot,Approved - Closed,2021-09-01,2021-10-28,Yes,UP Admin,1,,0,Yes,No,2,28,13,1,42,19,9,1,29,0.6666666666666666,0.30952380952380953,0.023809523809523808,False,False,False,False,False,True
Y21-089,Design Review Commercial,TARGET DRIVEUP PARKING LOT RESTRIPING,1871 N MAIN ST,Simar Gill,Close Out,2021-09-02,2021-11-11,Yes,DR Comm,1,,0,Yes,Yes,2,49,19,1,69,34,13,0,47,0.7101449275362319,0.2753623188405797,0.014492753623188406,False,True,False,True,False,False
Y21-091,ZCL,VERIZON WIRELESS @ 2635 GRANDE CAMINO,2635 GRANDE CAMINO,Gerardo Victoria,Approved - Closed,2021-09-08,2021-09-27,Yes,ZCL,1,,0,Yes,No,1,20,0,1,21,14,0,1,15,0.9523809523809523,0.0,0.047619047619047616,False,False,False,False,False,False
Y21-092,Use Permit Administrative,KOKOLO DONBURI JAPENESE RESTAURANT AUP,1251 S CALIFORNIA BL,Jessica Gonzalez,Approved - Closed,2021-09-09,2021-10-20,Yes,UP Admin,1,,0,Yes,No,2,39,3,1,43,29,1,1,31,0.9069767441860465,0.06976744186046512,0.023255813953488372,False,False,False,False,False,True
Y21-096,Use Permit Administrative,QUE ONDA TACO BAR AUP,1512 GEARY RD,Haley Croffoot,Approved - Closed,2021-09-23,2021-12-13,Yes,UP Admin,1,,0,Yes,No,2,56,6,12,74,39,4,8,51,0.7567567567567568,0.08108108108108109,0.16216216216216217,False,False,False,False,False,True
Y21-097,Use Permit Conditional,TRINITY WINTER SHELTER CUP,1800 CARMEL DR,Simar Gill,Approved - Closed,2021-09-24,2021-11-15,Yes,UP Conditional,1,PC,1,No,Yes,1,19,0,12,31,13,0,7,20,0.6129032258064516,0.0,0.3870967741935484,False,False,False,False,True,False
Y21-102,Design Review Commercial,PLAZA OFFICES SITE IMPROVEMENTS,1331 N CALIFORNIA BL,Haley Croffoot,Approved - Closed,2021-10-04,2021-12-14,Yes,DR Comm,1,,0,Yes,Yes,1,33,0,1,34,25,0,1,26,0.9705882352941176,0.0,0.029411764705882353,False,True,False,True,False,False
Y21-103,ZCL,ZCL - 401 LENNON LANE,401 LENNON LN,Gerardo Victoria,Approved - Closed,2021-10-26,2021-10-26,Yes,ZCL,1,,0,Yes,No,1,1,0,1,2,1,0,1,2,0.5,0.0,0.5,False,False,False,False,False,False
Y21-104,ZCL,AT&T WIRELESS MODIFICATION - ZCL,1330 LOCUST ST,Gerardo Victoria,Approved - Closed,2021-10-07,2021-11-16,Yes,ZCL,1,,0,Yes,No,1,41,0,1,42,28,0,1,29,0.9761904761904762,0.0,0.023809523809523808,False,False,False,False,False,False
Y21-105,Design Review Commercial,ONIGILLY STOREFRONT REMODEL,1372 LOCUST ST,Haley Croffoot,Approved - Closed,2021-10-11,2021-12-14,Yes,DR Comm,1,,0,Yes,Yes,2,33,4,22,59,25,1,14,40,0.559322033898305,0.06779661016949153,0.3728813559322034,False,True,False,True,False,False
Y21-106,Use Permit Administrative,DUMPLING HOURS AUP,1389 N MAIN ST,"Jessica Gonzalez, Brittany Lenoir",Approved - Closed,2021-10-14,2021-12-13,Yes,UP Admin,1,,0,Yes,No,2,38,12,12,62,26,7,8,41,0.6129032258064516,0.1935483870967742,0.1935483870967742,False,False,False,False,False,True
Y21-107,Use Permit Minor,MAZHARA 6FT FENCE MUP,10 ARABIAN CT,Jessica Gonzalez,Close Out,2021-10-14,2022-02-09,Yes,UP Minor,1,ZA,1,No,Yes,1,119,0,1,120,74,0,1,75,0.9916666666666667,0.0,0.008333333333333333,False,False,False,False,False,False
Y21-108,Use Permit Administrative,54 MINT AUP,1686 LOCUST ST,Henry Rood,Approved - Closed,2021-10-20,2021-12-15,Yes,UP Admin,1,,0,Yes,No,1,57,0,1,58,38,0,1,39,0.9827586206896551,0.0,0.017241379310344827,False,False,False,False,False,True
Y21-109,Design Review Commercial,JOHN MUIR TANK SCREEN,1601 YGNACIO VALLEY RD,Haley Croffoot,Approved - Closed,2021-10-26,2021-12-17,Yes,DR Comm,1,,0,Yes,Yes,1,29,0,11,40,20,0,9,29,0.725,0.0,0.275,False,True,False,True,False,False
Y21-110,ZCL,EL CHARRO RESTAURANT - ZCL,1470 BROADWAY N,Gerardo Victoria,Approved - Closed,2021-10-26,2021-12-15,Yes,ZCL,1,,0,Yes,No,1,51,0,1,52,34,0,1,35,0.9807692307692307,0.0,0.019230769230769232,False,False,False,False,False,False
Y21-112,ZCL,WALNUT HILL APARTMENTS - ZCL,1755 TRINITY AV,Gerardo Victoria,Approved - Closed,2021-10-27,2021-12-15,Yes,ZCL,1,,0,Yes,No,1,50,0,1,51,33,0,1,34,0.9803921568627451,0.0,0.0196078431372549,False,False,False,False,False,False
Y21-113,Design Review Residential,GARBUTT SFR ADDITION,832 APPALOOSA DR,Henry Rood,Approved - Closed,2021-10-27,2022-05-02,Yes,DR Resi,1,,0,Yes,No,2,79,109,1,189,56,66,1,123,0.41798941798941797,0.5767195767195767,0.005291005291005291,False,True,True,False,False,False
Y21-116,Use Permit Administrative,HICK'RY PIT AUP,1495 S MAIN ST,Henry Rood,Approved - Closed,2021-12-01,2022-01-06,Yes,UP Admin,1,,0,Yes,No,1,23,0,15,38,16,0,4,20,0.6052631578947368,0.0,0.39473684210526316,False,False,False,False,False,True
Y21-119,ZCL,1101 CIVIC DRIVE - ZCL,1101 CIVIC DR,Brittany Lenoir,Close Out,2021-12-01,2021-12-15,Yes,ZCL,1,,0,Yes,No,1,9,0,7,16,7,0,5,12,0.5625,0.0,0.4375,False,False,False,False,False,False
Y21-120,Design Review Sign,EL CHARRO NEON WALL SIGNS,1470 N BROADWAY,Brittany Lenoir,Close Out,2021-12-03,2022-03-09,Yes,DR Sign,1,DRC,1,No,Yes,1,35,0,50,85,18,0,35,53,0.4117647058823529,0.0,0.5882352941176471,False,True,False,False,False,False
Y21-121,Use Permit Administrative,BEAUTY LOUNGE AUP,1512 PALOS VERDES MA,Henry Rood,Approved - Closed,2021-12-07,2022-02-07,Yes,UP Admin,1,,0,Yes,No,1,63,0,1,64,37,0,1,38,0.984375,0.0,0.015625,False,False,False,False,False,True
Y21-122,ZCL,VERIZON WIRELESS @ MARCHBANKS - ZCL,1551 MARCHBANKS DR,Brittany Lenoir,Approved - Closed,2021-12-07,2021-12-17,Yes,ZCL,1,,0,Yes,No,1,11,0,1,12,9,0,1,10,0.9166666666666666,0.0,0.08333333333333333,False,False,False,False,False,False
Y21-123,Design Review Other,AESOP BROADWAY PLAZA PAINT CHANGES,1278 BROADWAY PZ,Brittany Lenoir,Approved - Closed,2021-12-07,2022-01-26,Yes,DR Other,1,,0,Yes,Yes,1,29,0,15,44,14,0,10,24,0.6590909090909091,0.0,0.3409090909090909,False,True,False,False,False,False
Y21-125,Design Review Commercial,GAS BIJOUX STOREFRONT REMODEL,44 BROADWAY LN,Brittany Lenoir,Approved,2021-12-09,2022-05-24,Yes,DR Comm,1,,0,Yes,Yes,4,50,95,13,158,29,65,9,103,0.31645569620253167,0.6012658227848101,0.08227848101265822,False,True,False,True,False,False
Y21-126,Design Review Commercial,HERMAN MILLER STOREFRONT REMODEL,1260 BROADWAY PZ,Henry Rood,Approved - Closed,2021-12-13,2022-03-28,Yes,DR Comm,1,,0,Yes,Yes,2,71,35,1,107,43,24,1,68,0.6635514018691588,0.32710280373831774,0.009345794392523364,False,True,False,True,False,False
Y21-127,Design Review Commercial,EL CHARRO EXTERIOR MODIFICATIONS,1470 N BROADWAY,Brittany Lenoir,Close Out,2021-12-13,2022-03-04,Yes,DR Comm,1,,0,Yes,Yes,3,33,49,1,83,20,31,1,52,0.39759036144578314,0.5903614457831325,0.012048192771084338,False,True,False,True,False,False
Y21-129,Design Review Residential,RICARD NEW SFR,0 GARRON CT,Simar Gill,Close Out,2021-12-16,2022-04-01,Yes,DR Resi,1,,0,Yes,No,2,50,33,1,84,28,22,1,51,0.5952380952380952,0.39285714285714285,0.011904761904761904,False,True,True,False,False,False
Y21-130,ZCL,VERIZON WIRELESS @ 575 LENNON,575 LENNON LN,Henry Rood,Approved - Closed,2021-12-21,2022-01-20,Yes,ZCL,1,,0,Yes,No,1,31,0,1,32,15,0,1,16,0.96875,0.0,0.03125,False,False,False,False,False,False
Y22-002,ZCL,1424 S MAIN ST - ZCL,1424 S MAIN ST,Gerardo Victoria,Approved - Closed,2022-01-05,2022-01-31,Yes,ZCL,1,,0,Yes,No,1,27,0,1,28,18,0,1,19,0.9642857142857143,0.0,0.03571428571428571,False,False,False,False,False,False
Y22-003,Use Permit Conditional,SOL PHYSICAL THERAPY CUP,1651 BOTELHO DR,Haley Croffoot,Approved - Closed,2022-01-10,2022-02-08,Yes,UP Conditional,1,PC,1,No,Yes,1,5,0,13,18,5,0,9,14,0.2777777777777778,0.0,0.7222222222222222,False,False,False,False,True,False
Y22-004,Use Permit Minor,LIESER 7 FT. FENCE - MUP,148 LANCASTER RD,Brittany Lenoir,Approved - Closed,2022-01-19,2022-08-30,Yes,UP Minor,1,ZA,1,No,Yes,2,84,6,99,189,59,4,69,132,0.4444444444444444,0.031746031746031744,0.5238095238095238,False,False,False,False,False,False
Y22-005,Use Permit Administrative,SILK ROAD AUP,1440 S MAIN ST,Henry Rood,Approved - Closed,2022-01-25,2022-03-03,Yes,UP Admin,1,,0,Yes,No,1,38,0,1,39,27,0,1,28,0.9743589743589743,0.0,0.02564102564102564,False,False,False,False,False,True
Y22-006,Design Review Residential,LEE SFR ADDITION,620 CHANDON CT,Brittany Lenoir,Close Out,2022-01-26,2022-06-02,Yes,DR Resi,1,,0,Yes,No,3,78,49,1,128,55,34,1,90,0.609375,0.3828125,0.0078125,False,True,True,False,False,False
Y22-007,Design Review Residential,HAMID SFR ADDITION,2412 WALNUT BL,Henry Rood,Approved - Closed,2022-01-27,2022-06-27,Yes,"*DR Resi, Variance",2,,0,Yes,No,4,99,42,1,142,69,30,1,100,0.6971830985915493,0.29577464788732394,0.007042253521126761,False,True,True,False,False,False
Y22-012,Use Permit Administrative,SHAKE SHACK AUP,1604 MT DIABLO BL,Henry Rood,Approved,2022-02-03,2022-03-10,Yes,UP Admin,1,,0,Yes,No,1,36,0,1,37,25,0,1,26,0.972972972972973,0.0,0.02702702702702703,False,False,False,False,False,True
Y22-016,Design Review Commercial,NICK THE GREEK EXTERIOR REMODEL,1140 LOCUST ST,Brittany Lenoir,Close Out,2022-02-11,2022-04-04,Yes,DR Comm,1,,0,Yes,Yes,2,42,5,1,48,29,3,1,33,0.875,0.10416666666666667,0.020833333333333332,False,True,False,True,False,False
Y22-017,Design Review Residential,FARAHBAKHSH SFR ADDITION,3965 ARBOLADO DR,Henry Rood,Approved - Closed,2022-02-17,2022-04-28,Yes,DR Resi,1,,0,Yes,No,2,65,6,1,72,46,4,1,51,0.9027777777777778,0.08333333333333333,0.013888888888888888,False,True,True,False,False,False
Y22-019,Tentative Map Major Subdivision,THE RESIDENCES SFR DEVELOPEMENT,730 MINERT RD,Simar Gill,Approved,2022-02-23,2023-05-12,Yes,"*Tentative Map Major Subdivision, DR Resi",2,"PC, DRC",2,No,Yes,3,81,257,79,417,58,170,57,285,0.19424460431654678,0.6163069544364509,0.18944844124700239,False,True,True,False,False,False
Y22-021,Use Permit Administrative,LIFETIME FITNESS AUP,1315 BROADWAY PZ,Henry Rood,Approved - Closed,2022-02-23,2023-04-03,Yes,UP Admin,1,,0,Yes,No,2,378,27,1,406,255,19,1,275,0.9310344827586207,0.0665024630541872,0.0024630541871921183,False,False,False,False,False,True
Y22-022,Use Permit Conditional,FIRST CITIZENS BANK CUP,100 PRINGLE AV,Brittany Lenoir,Approved,2022-02-28,2022-05-16,Yes,UP Conditional,1,PC,1,No,Yes,2,50,7,12,69,36,5,8,49,0.7246376811594203,0.10144927536231885,0.17391304347826086,False,False,False,False,True,False
Y22-030,ZCL,MOUNTAIN MIKE'S - ZCL,1815 YGNACIO VALLEY RD,Henry Rood,Approved - Closed,2022-03-21,2022-04-25,Yes,ZCL,1,,0,Yes,No,1,36,0,1,37,26,0,1,27,0.972972972972973,0.0,0.02702702702702703,False,False,False,False,False,False
Y22-031,Variance,ENGLEBRECHT SFR DECK VARIANCE,160 LA BOLSA RD,Brittany Lenoir,Approved - Closed,2022-03-21,2022-07-06,Yes,Variance,1,ZA,1,No,Yes,2,55,13,15,83,41,9,10,60,0.6626506024096386,0.1566265060240964,0.18072289156626506,False,False,False,False,False,False
Y22-033,Design Review Sign,SAVERS SIGN EXCEPTION,1997 TICE VALLEY BLVD,Henry Rood,Approved - Closed,2022-03-29,2022-07-25,Yes,DR Sign,1,,0,Yes,Yes,2,47,72,1,120,33,50,1,84,0.39166666666666666,0.6,0.008333333333333333,False,True,False,False,False,False
Y22-036,Use Permit Administrative,EL JARDIN AUP-ZCL,1980 TICE VALLEY RD,Brittany Lenoir,Close Out,2022-04-01,2022-10-10,Yes,UP Admin,1,,0,Yes,No,3,60,133,1,194,42,92,1,135,0.30927835051546393,0.6855670103092784,0.005154639175257732,False,False,False,False,False,True
Y22-041,Design Review Residential,Agora New Exterior Painting,1500 NEWELL AV,Brittany Lenoir,Close Out,2022-04-07,2022-06-02,Yes,DR Resi,1,,0,Yes,No,2,41,16,1,58,28,12,1,41,0.7068965517241379,0.27586206896551724,0.017241379310344827,False,True,True,False,False,False
Y22-044,Use Permit Conditional,MODERN ANIMAL CUP,1360 MT DIABLO BL,Brittany Lenoir,Close Out,2022-04-14,2022-06-10,Yes,UP Conditional,1,PC,1,No,Yes,1,57,0,1,58,40,0,1,41,0.9827586206896551,0.0,0.017241379310344827,False,False,False,False,True,False
Y22-049,Use Permit Administrative,LUNA SEA LOUNGE AUP,101 PRINGLE AVE,Brittany Lenoir,Approved,2022-05-12,2022-08-12,Yes,UP Admin,1,PC,1,No,Yes,2,72,6,16,94,50,4,12,66,0.7659574468085106,0.06382978723404255,0.1702127659574468,False,False,False,False,False,True
Y22-052,Design Review Residential,ZHANG SFR ADDITION,595 LAS LOMAS WY,Henry Rood,Approved - Closed,2022-05-17,2022-07-21,Yes,DR Resi,1,,0,Yes,No,2,60,6,1,67,42,4,1,47,0.8955223880597015,0.08955223880597014,0.014925373134328358,False,True,True,False,False,False
Y22-054,ZCL,AT&T WIRELESS - ZCL,2700 YGNACIO VALLEY RD,Henry Rood,Approved - Closed,2022-06-02,2022-06-30,Yes,ZCL,1,,0,Yes,No,1,29,0,1,30,21,0,1,22,0.9666666666666667,0.0,0.03333333333333333,False,False,False,False,False,False
Y22-058,Use Permit Administrative,PIZZALINA AUP,2064 TREAT BLVD,Henry Rood,Approved - Closed,2022-06-07,2022-08-08,Yes,UP Admin,1,,0,Yes,No,1,52,0,1,53,37,0,1,38,0.9811320754716981,0.0,0.018867924528301886,False,False,False,False,False,True
Y22-061,Use Permit Administrative,BUON VINO AUP,1501 N BROADWAY,Henry Rood,Approved - Closed,2022-06-21,2022-08-08,Yes,UP Admin,1,,0,Yes,No,1,38,0,1,39,27,0,1,28,0.9743589743589743,0.0,0.02564102564102564,False,False,False,False,False,True
Y22-063,Design Review Commercial,CRATE & BARREL FACADE MODIFICATIONS,1201 MAIN S ST,Brittany Lenoir,Close Out,2022-06-29,2022-10-05,Yes,DR Comm,1,DRC,1,No,Yes,3,61,29,1,91,44,18,1,63,0.6703296703296703,0.31868131868131866,0.01098901098901099,False,True,False,True,False,False
Y22-065,Use Permit Administrative,Fizz Champagne Bar AUP,1652 BONANZA ST,Henry Rood,Approved - Closed,2022-06-30,2022-10-26,Yes,UP Admin,1,,0,Yes,No,1,42,0,1,43,29,0,1,30,0.9767441860465116,0.0,0.023255813953488372,False,False,False,False,False,True
Y22-066,ZCL,AT&T WIRELESS - ZCL,1101 KEAVENY CT,Henry Rood,Approved - Closed,2022-07-01,2022-07-28,Yes,ZCL,1,,0,Yes,No,1,28,0,1,29,19,0,1,20,0.9655172413793104,0.0,0.034482758620689655,False,False,False,False,False,False
Y22-071,Use Permit Minor,KRELING 8 FT. FENCE - MUP,116 GENOA CT,Henry Rood,Approved - Closed,2022-07-11,2022-09-27,Yes,UP Minor,1,ZA,1,No,Yes,1,31,0,8,39,23,0,6,29,0.7948717948717948,0.0,0.20512820512820512,False,False,False,False,False,False
Y22-072,ZCL,CITRUS MARKETPLACE - ZCL,2210 OAK GROVE RD,Simar Gill,Close Out,2022-07-13,2022-08-04,Yes,ZCL,1,,0,Yes,No,1,23,0,1,24,17,0,1,18,0.9583333333333334,0.0,0.041666666666666664,False,False,False,False,False,False
Y22-078,ZCL,AT&T WIRELESS - ZCL,2033 N MAIN ST,Henry Rood,Approved - Closed,2022-08-11,2022-09-08,Yes,ZCL,1,,0,Yes,No,1,29,0,1,30,20,0,1,21,0.9666666666666667,0.0,0.03333333333333333,False,False,False,False,False,False
Y22-080,ZCL,DISH WIRELESS - ZCL,0 HILLCREST RD,Henry Rood,Approved - Closed,2022-08-30,2022-09-28,Yes,ZCL,1,,0,Yes,No,1,30,0,1,31,21,0,1,22,0.967741935483871,0.0,0.03225806451612903,False,False,False,False,False,False
Y22-083,ZCL,1510 2ND AVE - ZCL,1510 2ND AVE,Brittany Lenoir,Close Out,2022-09-07,2022-10-04,Yes,ZCL,1,,0,Yes,No,1,28,0,1,29,20,0,1,21,0.9655172413793104,0.0,0.034482758620689655,False,False,False,False,False,False
Y22-084,ZCL,1530 2ND AVE - ZCL,1530 2ND AVE,Brittany Lenoir,Close Out,2022-09-07,2022-10-04,Yes,ZCL,1,,0,Yes,No,1,28,0,1,29,20,0,1,21,0.9655172413793104,0.0,0.034482758620689655,False,False,False,False,False,False
Y22-085,ZCL,2717 N MAIN ST. - ZCL,2717 N MAIN ST,Brittany Lenoir,Close Out,2022-09-12,2022-10-04,Yes,ZCL,1,,0,Yes,No,1,23,0,1,24,17,0,1,18,0.9583333333333334,0.0,0.041666666666666664,False,False,False,False,False,False
Y22-089,Use Permit Administrative,SKIPOLINI'S AUP,1535 GIAMMONA DR,Henry Rood,Approved - Closed,2022-09-21,2022-11-02,Yes,UP Admin,1,,0,Yes,No,1,29,0,1,30,21,0,1,22,0.9666666666666667,0.0,0.03333333333333333,False,False,False,False,False,True
Y22-092,Use Permit Conditional,TRINITY CENTER EVENING PROGRAM,1800 CARMEL DR,Brittany Lenoir,Approved - Closed,2022-09-28,2022-11-30,Yes,UP Conditional,1,PC,1,No,Yes,1,29,0,21,50,21,0,12,33,0.58,0.0,0.42,False,False,False,False,True,False
Y22-095,Use Permit Administrative,SWEET MAPLE AUP,1523 GIAMMONA DR,Henry Rood,Approved - Closed,2022-10-03,2022-11-02,Yes,UP Admin,1,,0,Yes,No,1,17,0,1,18,13,0,1,14,0.9444444444444444,0.0,0.05555555555555555,False,False,False,False,False,True
Y22-097,Design Review Commercial,MENDOCINO FARMS MARKET,1895 YGNACIO VALLEY RD,Simar Gill,Close Out,2022-10-06,2023-01-31,Yes,DR Comm,1,,0,Yes,Yes,1,118,0,1,119,73,0,1,74,0.9915966386554622,0.0,0.008403361344537815,False,True,False,True,False,False
Y22-098,Design Review Sign,500 YGNACIO OFFICE BUILDING MSP,500 YGNACIO VALLEY RD,Henry Rood,Approved - Closed,2022-10-12,2023-03-13,Yes,DR Sign,1,DRC,1,No,Yes,2,95,11,12,118,60,5,8,73,0.8050847457627118,0.09322033898305085,0.1016949152542373,False,True,False,False,False,False
Y22-101,Design Review Commercial,INTIMISSIMI STOREFRONT REMODEL,1260 BROADWAY PZ,Brittany Lenoir,Approved - Closed,2022-10-18,2023-03-22,Yes,DR Comm,1,,0,Yes,Yes,4,36,15,100,151,25,9,63,97,0.23841059602649006,0.09933774834437085,0.6622516556291391,False,True,False,True,False,False
Y22-103,Design Review Commercial,BRILLIANT EARTH STOREFRONT REMODEL,30 BROADWAY LN,Henry Rood,Approved - Closed,2022-10-20,2023-02-13,Yes,DR Comm,1,,0,Yes,Yes,2,58,46,1,105,40,23,1,64,0.5523809523809524,0.4380952380952381,0.009523809523809525,False,True,False,True,False,False
Y22-111,ZCL,AT&T Mobility standby generator,60 LAYMAN CT,Brittany Lenoir,Close Out,2022-11-17,2022-12-20,Yes,ZCL,1,,0,Yes,No,1,34,0,1,35,22,0,1,23,0.9714285714285714,0.0,0.02857142857142857,False,False,False,False,False,False
Y22-115,Design Review Commercial,SWAROVSKI STOREFRONT REMODEL,1237 BROADWAY PZ,Henry Rood,Approved - Closed,2022-11-18,2023-02-02,Yes,DR Comm,1,,0,Yes,Yes,2,62,1,1,64,34,1,1,36,0.96875,0.015625,0.015625,False,True,False,True,False,False
Y22-124,Design Review Residential,LIM SFR ADDITION,2822 COMISTAS DR,Benjamin Schuster,Close Out,2022-12-21,2023-03-14,Yes,DR Resi,1,,0,Yes,No,1,84,0,1,85,51,0,1,52,0.9882352941176471,0.0,0.011764705882352941,False,True,True,False,False,False
Y18-031,Design Review Commercial,Madison Reed New Storefront at 21 Broadway Lane,21 BROADWAY LN,Simar Gill,Approved - Closed,2018-03-27,2018-06-20,Yes,DR Comm,1,,0,Yes,Yes,0,0,0,0,85,0,0,0,62,0.0,0.0,0.0,True,True,False,True,False,False
Y18-036,Use Permit Administrative,AUP-Alc for Vinous Reverie,554 YGNACIO VALLEY RD,Greg Kapovich,Close Out,2018-04-10,2018-06-25,Yes,UP Admin,1,,0,Yes,No,0,0,0,0,76,0,0,0,55,0.0,0.0,0.0,True,False,False,False,False,True
Y18-039,Design Review Commercial,Rituals (Cosmetic) BPZ Storefront,1171 BROADWAY PZ,Simar Gill,Approved - Closed,2018-04-12,2018-10-02,Yes,DR Comm,1,,0,Yes,Yes,0,0,0,0,173,0,0,0,122,0.0,0.0,0.0,True,True,False,True,False,False
Y18-058,Design Review Residential,Cragmont Court Addition,80 CRAGMONT CT,Simar Gill,Close Out,2018-05-23,2019-09-04,Yes,"*DR Resi, UP Conditional",2,DRC,1,Yes,No,0,0,0,0,469,0,0,0,319,0.0,0.0,0.0,True,True,True,False,True,False
Y18-066,Design Review Commercial,Burger King Exterior Renovation,2855 N MAIN ST,Simar Gill,Close Out,2018-06-19,2018-10-03,Yes,DR Comm,1,DRC,1,Yes,Yes,0,0,0,0,106,0,0,0,75,0.0,0.0,0.0,True,True,False,True,False,False
Y18-072,Design Review Commercial,Tempur-Pedic Storefront BPZ,18 BROADWAY LN,Simar Gill,Approved - Closed,2018-07-19,2018-11-08,Yes,DR Comm,1,,0,Yes,Yes,0,0,0,0,112,0,0,0,80,0.0,0.0,0.0,True,True,False,True,False,False
Y18-088,Design Review Residential,Kaur OH Addition at 159 Los Cerros Avenue,159 LOS CERROS AVE,Haley Croffoot,Approved - Closed,2018-08-29,2020-03-23,Yes,"*DR Resi, Tree Removal Permit",2,,0,Yes,No,0,0,0,0,572,0,0,0,381,0.0,0.0,0.0,True,True,True,False,False,False
Y19-010,Use Permit Conditional,HUNTINGTON LEARNING CENTER,1536 NEWELL AV,Trishia Caguiat,Approved - Closed,2019-02-04,2019-07-19,Yes,UP Conditional,1,PC,1,Yes,Yes,0,0,0,0,165,0,0,0,117,0.0,0.0,0.0,True,False,False,False,True,False
Y19-020,Tentative Map Condo Conversion,Doctor's Park Condo Conversion,2121 YGNACIO VALLEY RD,Greg Kapovich,Close Out,2019-02-26,2019-07-22,Yes,Tentative Map Condo Conversion,1,ZA,1,Yes,Yes,0,0,0,0,146,0,0,0,103,0.0,0.0,0.0,True,False,False,False,False,False
Y19-041,Design Review Commercial,Viamonte Monument Sign,2801 SHADELANDS DR,Haley Croffoot,Approved,2019-04-10,2020-02-06,Yes,DR Comm,1,DRC,1,Yes,Yes,0,0,0,0,302,0,0,0,203,0.0,0.0,0.0,True,True,False,True,False,False
Y19-057,Design Review Residential,LYNVALE NEW HOME,1826 LYNVALE LN,Simar Gill,Approved,2019-06-10,2020-01-31,Yes,DR Resi,1,ZA,1,Yes,No,0,0,0,0,235,0,0,0,157,0.0,0.0,0.0,True,True,True,False,False,False
Y19-110,Use Permit Conditional,NORTHERN ERUDITE VENTURES CANNABIS,2678 N MAIN ST,Greg Kapovich,Close Out,2019-09-16,2019-12-09,Yes,UP Conditional,1,PC,1,Yes,Yes,0,0,0,0,84,0,0,0,58,0.0,0.0,0.0,True,False,False,False,True,False
Y19-122,Design Review Commercial,TARGET NEW BUILDING,1871 N MAIN ST,Simar Gill,Approved,2019-10-17,2020-05-20,Yes,DR Comm,1,DRC,1,Yes,Yes,0,0,0,0,216,0,0,0,143,0.0,0.0,0.0,True,True,False,True,False,False
Y19-123,Use Permit Conditional,CAJSKI VARIANCE ADDITION,1813 PARKSIDE DR,Simar Gill,Close Out,2019-10-21,2020-03-11,Yes,UP Conditional,1,PC,1,Yes,Yes,0,0,0,0,142,0,0,0,91,0.0,0.0,0.0,True,False,False,False,True,False
Y21-011,Design Review Commercial,WC Luxury Cars Exteriors Alterations & Signs,2330 N MAIN ST,"Jessica Gonzalez, Alan Carreon",Approved - Closed,2021-02-03,2021-12-03,Yes,DR Comm,1,DRC,1,Yes,Yes,0,0,0,0,303,0,0,0,212,0.0,0.0,0.0,True,True,False,True,False,False
Y21-033,Design Review Commercial,RUTH BANCROFT GARDEN MONUMENT SIGN,1552 BANCROFT RD,Jessica Gonzalez,Approved - Closed,2021-04-27,2021-09-05,Yes,DR Comm,1,,0,Yes,Yes,0,0,0,0,131,0,0,0,93,0.0,0.0,0.0,True,True,False,True,False,False
Y21-053,Design Review Commercial,BROADWAY POINTE MSP,1430 MT DIABLO BL,Jessica Gonzalez,Approved - Closed,2021-01-05,2022-03-18,Yes,DR Comm,1,DRC,1,Yes,Yes,0,0,0,0,437,0,0,0,298,0.0,0.0,0.0,True,True,False,True,False,False
Y21-065,Design Review Commercial,HOT BOYS RESTAURANT EXT. IMPROVEMENTS,1394 N MAIN ST,Jessica Gonzalez,Approved,2021-06-23,2021-08-03,Yes,DR Comm,1,,0,Yes,Yes,0,0,0,0,41,0,0,0,30,0.0,0.0,0.0,True,True,False,True,False,False
Y21-099,Use Permit Conditional,SCOTTS GARDEN CUP,1719 BONANZA ST,Jessica Gonzalez,Approved - Closed,2021-09-28,2022-03-01,Yes,UP Conditional,1,PC,1,Yes,Yes,0,0,0,0,154,0,0,0,99,0.0,0.0,0.0,True,False,False,False,True,False
Y21-111,Design Review Commercial,QUAY STOREFRONT REMODEL,139 BROADWAY LN,Simar Gill,Close Out,2021-10-26,2022-01-06,Yes,DR Comm,1,,0,Yes,Yes,0,0,0,0,72,0,0,0,43,0.0,0.0,0.0,True,True,False,True,False,False
Y21-114,Design Review Commercial,LULULEMON STOREFRONT REMODEL,1210 BROADWAY PZ,Henry Rood,Approved - Closed,2021-10-29,2022-02-07,Yes,DR Comm,1,,0,Yes,Yes,0,0,0,0,101,0,0,0,61,0.0,0.0,0.0,True,True,False,True,False,False
