,Application #,Total Days,Total Business Days,City Business Days,Rounds,Days till Routing,Submittal Date,Final Date,Record Type,Permit Type,Primary,Record Status,Open Date,Updated Date,Date Assigned,Date Status,Task,Status,Description,Address,Notes,Planner,Entitlements,Num of Entitlements,Staff Decision,Board Decision,Boards,Board Count,Task Status,Board Total Days,Board Business Days,Board Start Date,Board End Date
0,Y18-001,78,54,36,2,1,2018-01-03,2018-03-21,Planning Project,Design Review Residential,Yes,Close Out,2018-01-03,2018-01-04,2018-01-03,2018-01-04,Intake Review,Application Accepted,Forouzandeh SFR Addition DR-OH,15 GROVER CT,nan,Greg Kapovich,DR Resi,1,True,False,,0,Intake Review - Application Accepted,0,0,,
1,Y18-004,91,64,64,1,0,2018-01-23,2018-04-23,Planning Project,Design Review Commercial,Yes,Close Out,2018-01-23,2018-02-15,2018-01-23,2018-01-23,Intake Review,Application Accepted,Heritage Eats at Broadway Plaza,24 BROADWAY LN,nan,Haley Croffoot,"*DR Comm, UP Admin",2,True,False,,0,Intake Review - Application Accepted,0,0,,
2,Y18-005,169,119,31,1,0,2018-01-24,2018-07-11,Planning Project,Use Permit Conditional,Yes,Close Out,2018-01-24,2018-01-24,2018-01-24,2018-01-24,Intake Review,Application Accepted,CUP for Thirteen Salon at 1768 N. Broadway,1760 N BROADWAY,nan,Trishia Caguiat,UP Conditional,1,False,True,PC,1,Intake Review - Application Accepted,30,22,2018-03-28,2018-04-26
3,Y18-009,722,487,20,2,1,2018-02-16,2020-02-07,Planning Project,Design Review Other,Yes,Close Out,2018-02-16,2018-02-20,2018-02-16,2018-02-20,Intake Review,Application Accepted,St Mary Church Chapel,2039 MT DIABLO BLVD,Community Use,Simar Gill,DR Other,1,True,False,,0,Intake Review - Application Accepted,0,0,,
4,Y18-012,175,124,109,2,2,2018-02-27,2018-08-20,Planning Project,Design Review Commercial,Yes,Close Out,2018-02-27,2018-03-01,2018-02-27,2018-03-01,Intake Review,Application Accepted,1910 Noma Apartments,1910 N MAIN ST,nan,Greg Kapovich,DR Comm,1,False,True,"DRC, CC, ZA",3,Intake Review - Application Accepted,1,1,2018-08-20,2019-05-08
5,Y18-013,477,326,98,2,118,2018-02-27,2019-06-18,Planning Project,General Plan Amendment,Yes,Close Out,2018-02-27,2018-08-13,2018-02-27,2018-08-13,Intake Review,Application Accepted,Pioneer Village Residential PUD,128 PIONEER AVE,nan,Alan Carreon,"*General Plan Amendment, DR Resi, Tentative Map Major Subdivision, Tree Removal Permit, Zoning Amendment",5,False,True,"PC, CC, DRC",3,Intake Review - Application Accepted,0,0,2019-06-18,2019-06-05
6,Y18-016,708,478,32,2,0,2018-03-01,2020-02-06,Planning Project,Design Review Commercial,Yes,Approved - Closed,2018-03-01,2018-03-01,2018-03-01,2018-03-01,Intake Review,Application Accepted,Soft Surroundings Storefront @ BPZ,36 BROADWAY LN,nan,Haley Croffoot,DR Comm,1,True,False,,0,Intake Review - Application Accepted,0,0,,
7,Y18-019,41,29,29,1,0,2018-03-08,2018-04-17,Planning Project,Use Permit Administrative,Yes,Close Out,2018-03-08,2018-03-08,2018-03-08,2018-03-08,Intake Review,Application Accepted,AUP for Rotator Tap Room,1415 PINE ST,nan,Simar Gill,UP Admin,1,True,False,,0,Intake Review - Application Accepted,0,0,,
8,Y18-022,49,35,31,2,0,2018-03-14,2018-05-01,Planning Project,Design Review Commercial,Yes,Approved - Closed,2018-03-14,2018-03-14,2018-03-14,2018-03-14,Intake Review,Application Accepted,1401 Mt. Diablo Blvd Facade Renovation DR,1401 MT DIABLO BLVD,nan,Haley Croffoot,DR Comm,1,True,False,,0,Intake Review - Application Accepted,0,0,,
9,Y18-025,0,0,5,3,0,2020-02-07,2018-06-25,Planning Project,Design Review Commercial,Yes,Close Out,2018-03-15,2018-03-29,2018-03-21,2018-03-29,Intake Review,Comments,Lovesac Storefront Remodel at BPZ,117 BROADWAY LN,nan,Simar Gill,DR Comm,1,True,False,,0,Intake Review - Comments,0,0,,
10,Y18-026,114,81,24,1,0,2018-03-15,2018-07-06,Planning Project,Design Review Residential,Yes,Approved - Closed,2018-03-15,2018-03-15,2018-03-15,2018-03-15,Intake Review,Application Accepted,DR addition at 120 Greenway,120 GREENWAY DR,nan,Haley Croffoot,DR Resi,1,True,False,,0,Intake Review - Application Accepted,0,0,,
11,Y18-027,1288,874,2,2,21,2018-03-21,2021-09-28,Planning Project,Design Review Sign,Yes,Close Out,2018-03-20,2018-04-19,2018-03-21,2018-04-19,Intake Review,Application Accepted,Monument Sign at Newell Plaza Offices 1211 Newell Ave,1211 NEWELL AVE,nan,"Chip Griffin, Trishia Caguiat",DR Sign,1,True,False,,0,Intake Review - Application Accepted,0,0,,
12,Y18-030,684,462,17,2,0,2018-03-26,2020-02-07,Planning Project,Design Review Commercial,Yes,Approved - Closed,2018-03-26,2018-03-26,2018-03-26,2018-03-26,Intake Review,Application Accepted,DR for Johnny Was at BWPZ,1163 BROADWAY PZ,nan,Simar Gill,DR Comm,1,True,False,,0,Intake Review - Application Accepted,0,0,,
13,Y18-031,683,461,21,2,0,2018-03-27,2020-02-07,Planning Project,Design Review Commercial,Yes,Approved - Closed,2018-03-27,2018-03-27,2018-03-27,2018-03-27,Intake Review,Application Accepted,Madison Reed New Storefront at 21 Broadway Lane,21 BROADWAY LN,nan,Simar Gill,DR Comm,1,True,False,,0,Intake Review - Application Accepted,0,0,,
14,Y18-032,677,457,22,1,0,2018-04-02,2020-02-07,Planning Project,Design Review Commercial,Yes,Approved - Closed,2018-04-02,2018-04-02,2018-04-02,2018-04-02,Intake Review,Application Accepted,Mt. Diablo Plaza exterior remodel,2175 N CALIFORNIA BL,nan,Simar Gill,DR Comm,1,True,False,,0,Intake Review - Application Accepted,0,0,,
15,Y18-035,241,168,118,1,0,2018-04-09,2018-12-05,Planning Project,Design Review Commercial,Yes,Approved - Closed,2018-04-09,2018-04-09,2018-04-09,2018-04-09,Intake Review,Application Accepted,Vans Storefront Remodel,1540 OLYMPIC BL,nan,Trishia Caguiat,DR Comm,1,True,False,,0,Intake Review - Application Accepted,0,0,,
16,Y18-036,397,271,30,4,1,2018-04-09,2019-05-10,Planning Project,Use Permit Administrative,Yes,Close Out,2018-04-09,2018-04-10,2018-04-09,2018-04-10,Intake Review,Application Accepted,AUP-Alc for Vinous Reverie,554 YGNACIO VALLEY RD,nan,Greg Kapovich,UP Admin,1,True,False,,0,Intake Review - Application Accepted,0,0,,
17,Y18-037,88,63,58,1,0,2018-04-10,2018-07-06,Planning Project,Use Permit Conditional,Yes,Approved,2018-04-10,2018-04-10,2018-04-10,2018-04-10,Intake Review,Application Accepted,Cypress Parking Lot,1630 CYPRESS ST,nan,Haley Croffoot,"*UP Conditional, DR Comm",2,False,True,"DRC, PC",2,Intake Review - Application Accepted,1,1,2018-07-06,2018-08-28
18,Y18-038,91,64,43,1,0,2018-04-12,2018-07-11,Planning Project,Design Review Commercial,Yes,Close Out,2018-04-12,2018-04-12,2018-04-12,2018-04-12,Intake Review,Application Accepted,John Muir Medical Center Office Signs,1479 YGNACIO VALLEY RD,nan,Trishia Caguiat,DR Comm,1,False,True,DRC,1,Intake Review - Application Accepted,31,22,2018-06-11,2018-07-11
19,Y18-039,174,122,39,4,0,2018-04-12,2018-10-02,Planning Project,Design Review Commercial,Yes,Approved - Closed,2018-04-12,2018-04-12,2018-04-12,2018-04-12,Intake Review,Application Accepted,Rituals (Cosmetic) BPZ Storefront,1171 BROADWAY PZ,nan,Simar Gill,DR Comm,1,True,False,,0,Intake Review - Application Accepted,0,0,,
20,Y18-047,62,44,36,2,0,2018-04-25,2018-06-25,Planning Project,Design Review Commercial,Yes,Close Out,2018-04-25,2018-04-25,2018-04-25,2018-04-25,Intake Review,Application Accepted,Park Lake Common Area Dog Park,100 PARK LAKE CIR,nan,Greg Kapovich,DR Comm,1,False,True,DRC,1,Intake Review - Application Accepted,0,0,2019-06-25,2019-06-25
21,Y18-050,71,50,50,1,0,2018-04-30,2018-07-09,Planning Project,Use Permit Administrative,Yes,Approved - Closed,2018-04-30,2018-04-30,2018-04-30,2018-04-30,Intake Review,Application Accepted,AUP for Main St. Kitchen & Bar,1358 N MAIN ST,nan,Haley Croffoot,UP Admin,1,False,True,ZA,1,Intake Review - Application Accepted,0,0,2018-07-09,2018-06-26
22,Y18-051,648,436,15,1,0,2018-05-01,2020-02-07,Planning Project,Use Permit Administrative,Yes,Approved - Closed,2018-05-01,2018-05-01,2018-05-01,2018-05-01,Intake Review,Application Accepted,Prima Vini AUP,1522 N MAIN ST,nan,Simar Gill,UP Admin,1,True,False,,0,Intake Review - Application Accepted,0,0,,
23,Y18-057,134,94,38,2,0,2018-05-18,2018-09-28,Planning Project,Design Review Sign,Yes,Close Out,2018-05-18,2018-05-18,2018-05-18,2018-05-18,Intake Review,Application Accepted,Newell Promenade MSP Amendment,1536 NEWELL AV,Sign Design Review ,Haley Croffoot,DR Sign,1,False,True,DRC,1,Intake Review - Application Accepted,1,1,2018-09-28,2019-09-27
24,Y18-058,471,320,110,8,0,2018-05-23,2019-09-05,Planning Project,Design Review Residential,Yes,Close Out,2018-05-23,2018-05-23,2018-05-23,2018-05-23,Intake Review,Application Accepted,Cragmont Court Addition,80 CRAGMONT CT,nan,Simar Gill,"*DR Resi, *UP Conditional",2,False,True,DRC,1,Intake Review - Application Accepted,1,1,2019-09-04,2019-09-04
25,Y18-058,471,320,110,8,0,2018-05-23,2019-09-05,Planning Project,Use Permit Conditional,Yes,Close Out,2018-05-23,2018-05-23,2018-05-23,2018-05-23,Intake Review,Application Accepted,Cragmont Court Addition,80 CRAGMONT CT,nan,Simar Gill,"*DR Resi, *UP Conditional",2,False,True,DRC,1,Intake Review - Application Accepted,1,1,2019-09-04,2019-09-04
26,Y18-062,218,144,144,1,0,2018-06-04,2019-01-07,Planning Project,Design Review Sign,Yes,Close Out,2018-06-04,2018-06-04,2018-06-04,2018-06-04,Intake Review,Application Accepted,BPZ MSP Amendment,1275 BROADWAY PZ,Sign DR,Alan Carreon,DR Sign,1,False,True,DRC,1,Intake Review - Application Accepted,1,1,2019-01-07,2019-01-07
27,Y18-063,237,156,142,3,0,2018-06-06,2019-01-28,Planning Project,Design Review Other,Yes,Close Out,2018-06-06,2018-06-06,2018-06-06,2018-06-06,Intake Review,Application Accepted,1532 Mt. Diablo Mixed Use,1532 MT DIABLO BLVD,nan,Greg Kapovich,"*DR Other, UP Conditional",2,False,True,PC,1,Intake Review - Application Accepted,1,1,2019-01-28,2020-09-10
28,Y18-064,133,93,61,3,0,2018-06-07,2018-10-17,Planning Project,Design Review Commercial,Yes,Close Out,2018-06-07,2018-06-07,2018-06-07,2018-06-07,Intake Review,Application Accepted,Smile Power Orthodontics,1000 YGNACIO VALLEY RD,nan,Haley Croffoot,DR Comm,1,False,True,DRC,1,Intake Review - Application Accepted,0,0,2018-12-14,2018-12-05
29,Y18-065,30,21,16,2,0,2018-06-12,2018-07-11,Planning Project,Design Review Commercial,Yes,Approved - Closed,2018-06-12,2018-06-12,2018-06-12,2018-06-12,Intake Review,Application Accepted,John Muir Phase 3 Building,1601 YGNACIO VALLEY RD,nan,Trishia Caguiat,DR Comm,1,True,False,,0,Intake Review - Application Accepted,0,0,,
30,Y18-066,107,75,45,4,0,2018-06-19,2018-10-03,Planning Project,Design Review Commercial,Yes,Close Out,2018-06-19,2018-06-19,2018-06-19,2018-06-19,Intake Review,Application Accepted,Burger King Exterior Renovation,2855 N MAIN ST,nan,Simar Gill,DR Comm,1,False,True,DRC,1,Intake Review - Application Accepted,1,1,2018-10-03,2018-10-03
31,Y18-067,998,670,13,2,0,2018-06-25,2021-03-18,Planning Project,Use Permit Administrative,Yes,Approved - Closed,2018-06-25,2018-06-25,2018-06-25,2018-06-25,Intake Review,Application Accepted,AUP for Mangosteen Bistro,1518 BONANZA ST,nan,Simar Gill,UP Admin,1,True,False,,0,Intake Review - Application Accepted,0,0,,
32,Y18-069,113,80,81,2,0,2018-07-11,2018-10-31,Planning Project,Design Review Sign,Yes,Close Out,2018-07-11,2018-07-11,2018-07-11,2018-07-11,Intake Review,Application Accepted,Walnut Creek Transit Village MSP,200 YGNACIO VALLEY RD,Master Sign Program,Chip Griffin,DR Sign,1,False,True,DRC,1,Intake Review - Application Accepted,1,1,2018-10-31,2018-10-31
33,Y18-072,569,380,13,3,0,2018-07-19,2020-02-07,Planning Project,Design Review Commercial,Yes,Approved - Closed,2018-07-19,2018-07-19,2018-07-19,2018-07-19,Intake Review,Application Accepted,Tempur-Pedic Storefront BPZ,18 BROADWAY LN,nan,Simar Gill,DR Comm,1,True,False,,0,Intake Review - Application Accepted,0,0,,
34,Y18-076,36,25,17,3,0,2018-08-01,2018-09-05,Planning Project,Use Permit Conditional,Yes,Close Out,2018-08-01,2018-08-01,2018-08-01,2018-08-01,Intake Review,Application Accepted,Yoga Works,1330 S CALIFORNIA BL,nan,Trishia Caguiat,UP Conditional,1,False,True,PC,1,Intake Review - Application Accepted,7,4,2018-08-30,2018-10-26
35,Y18-078,89,64,24,4,0,2018-08-06,2018-11-02,Planning Project,Design Review Commercial,Yes,Close Out,2018-08-06,2018-08-06,2018-08-06,2018-08-06,Intake Review,Application Accepted,Target Facade & Sign Upgrades,1871 N MAIN ST,nan,Simar Gill,DR Comm,1,True,False,,0,Intake Review - Application Accepted,0,0,,
36,Y18-079,25,19,18,1,1,2018-08-06,2018-08-30,Planning Project,Design Review Residential,Yes,Close Out,2018-08-06,2018-08-07,2018-08-06,2018-08-07,Intake Review,Application Accepted,Anderson OH Addition,1180 HANNA GROVE TRL,nan,Haley Croffoot,DR Resi,1,True,False,,0,Intake Review - Application Accepted,0,0,,
37,Y18-080,38,27,27,1,0,2018-08-07,2018-09-13,Planning Project,Use Permit Conditional,Yes,Close Out,2018-08-07,2018-08-07,2018-08-07,2018-08-07,Intake Review,Application Accepted,Trinity Winter Evening Shelter,1800 CARMEL DR,nan,Greg Kapovich,UP Conditional,1,False,True,PC,1,Intake Review - Application Accepted,1,1,2018-09-13,2018-09-13
38,Y18-088,531,352,30,2,0,2018-08-29,2020-02-10,Planning Project,Design Review Residential,Yes,Approved - Closed,2018-08-29,2018-08-29,2018-08-29,2018-08-29,Intake Review,Application Accepted,Kaur OH Addition at 159 Los Cerros Avenue,159 LOS CERROS AVE,nan,Haley Croffoot,"*DR Resi, Tree Removal Permit",2,True,False,,0,Intake Review - Application Accepted,0,0,,
39,Y18-090,196,127,57,3,0,2018-08-30,2019-03-13,Planning Project,Zoning Amendment,Yes,Approved,2018-08-30,2018-08-30,2018-08-30,2018-08-30,Intake Review,Application Accepted,Carmel Drive Townhomes,1487 CARMEL DR,nan,Haley Croffoot,"*Zoning Amendment, DR Comm, Tentative Map Major Subdivision, Tree Removal Permit",4,False,True,"DRC, PC, CC",3,Intake Review - Application Accepted,1,1,2019-03-13,2019-11-05
40,Y18-093,79,54,1,1,53,2018-09-20,2018-12-07,Planning Project,Design Review Commercial,Yes,Close Out,2018-09-20,2018-12-07,2018-09-20,2018-12-07,Intake Review,Application Accepted,Kensington Senior Living Facade & Color Change,1580 GEARY RD,nan,Trishia Caguiat,DR Comm,1,True,False,,0,Intake Review - Application Accepted,0,0,,
41,Y18-099,73,50,38,2,1,2018-10-02,2018-12-13,Planning Project,Design Review Sign,Yes,Not Approved,2018-10-02,2018-10-16,2018-10-02,2018-10-03,Intake Review,Application Accepted,Bass Medical MSPA,2637 SHADELANDS DR,nan,Haley Croffoot,DR Sign,1,False,True,DRC,1,Intake Review - Application Accepted,1,1,2018-12-13,2019-03-20
42,Y18-102,87,53,48,2,0,2018-10-08,2019-01-02,Planning Project,Design Review Residential,Yes,Close Out,2018-10-08,2018-10-08,2018-10-08,2018-10-08,Intake Review,Application Accepted,Fulkerson OH Addition,1150 BANCROFT RD,nan,Chip Griffin,DR Resi,1,True,False,,0,Intake Review - Application Accepted,0,0,,
43,Y18-104,120,74,74,1,0,2018-10-29,2019-02-25,Planning Project,Design Review Residential,Yes,Close Out,2018-10-29,2018-10-29,2018-10-29,2018-10-29,Intake Review,Application Accepted,Doan SFR Remodel and Addition DROH,1961 OPAL ST,nan,Chip Griffin,DR Resi,1,True,False,,0,Intake Review - Application Accepted,0,0,,
44,Y18-105,124,76,77,2,0,2018-11-01,2019-03-04,Planning Project,Tentative Map Minor Subdivision,Yes,Close Out,2018-11-01,2018-11-01,2018-11-01,2018-11-01,Intake Review,Application Accepted,Centre Point minor sub condo conversion,165 LENNON LN,nan,Greg Kapovich,Tentative Map Minor Subdivision,1,False,True,ZA,1,Intake Review - Application Accepted,1,1,2019-03-04,2019-03-04
45,Y18-106,30,19,19,1,0,2018-11-05,2018-12-04,Planning Project,Use Permit Conditional,Yes,Approved - Closed,2018-11-05,2018-11-05,2018-11-05,2018-11-05,Intake Review,Application Accepted,SUP for Broadway Plaza Off-site Pkng sublease lot,870 S BROADWAY RD,Special Use Permit,Haley Croffoot,UP Conditional,1,False,True,PC,1,Intake Review - Application Accepted,1,1,2018-12-04,2019-01-24
46,Y18-107,443,291,113,1,0,2018-11-06,2020-01-22,Planning Project,Use Permit Administrative,Yes,Close Out,2018-11-06,2018-11-06,2018-11-06,2018-11-06,Intake Review,Application Accepted,AUP Century Theatres,1201 LOCUST ST,nan,Simar Gill,UP Admin,1,True,False,,0,Intake Review - Application Accepted,0,0,,
47,Y18-108,41,26,17,2,10,2018-11-07,2018-12-17,Planning Project,Use Permit Administrative,Yes,Approved - Closed,2018-11-07,2018-11-26,2018-11-07,2018-11-26,Intake Review,Application Accepted,AUP Blaze Pizza @The Lyric,1602 BONANZA ST,nan,Haley Croffoot,UP Admin,1,True,False,,0,Intake Review - Application Accepted,0,0,,
48,Y18-112,81,49,40,2,0,2018-11-20,2019-02-08,Planning Project,Design Review Sign,Yes,Approved - Closed,2018-11-20,2018-11-20,2018-11-20,2018-11-20,Intake Review,Application Accepted,Montego Ridge Offices Monument Sign,1200 MONTEGO WAY,nan,Haley Croffoot,DR Sign,1,False,True,DRC,1,Intake Review - Application Accepted,1,1,2019-02-08,2019-03-06
49,Y18-113,171,112,92,3,0,2018-11-20,2019-05-09,Planning Project,Design Review Residential,Yes,Close Out,2018-11-20,2018-11-20,2018-11-20,2018-11-20,Intake Review,Application Accepted,Park Lake Amenities Building,260 PARK LAKE CIR,nan,Trishia Caguiat,DR Resi,1,False,True,DRC,1,Intake Review - Application Accepted,0,0,2019-06-25,2019-06-25
50,Y18-115,141,92,35,3,3,2018-11-29,2019-04-18,Planning Project,Design Review Commercial,Yes,Approved - Closed,2018-11-29,2018-12-04,2018-11-29,2018-12-04,Intake Review,Application Accepted,New Patio for Blaze Pizza at Lyric,1602 BONANZA ST,nan,Haley Croffoot,DR Comm,1,True,False,,0,Intake Review - Application Accepted,0,0,,
51,Y18-116,16,12,12,1,0,2018-12-06,2018-12-21,Planning Project,Use Permit Administrative,Yes,Approved - Closed,2018-12-06,2018-12-06,2018-12-06,2018-12-06,Intake Review,Application Accepted,AUP BAYGREENS SALAD WALNUT CREEK,1653 MT DIABLO BL,nan,Haley Croffoot,UP Admin,1,True,False,,0,Intake Review - Application Accepted,0,0,,
52,Y18-120,423,280,50,5,0,2018-12-12,2020-02-07,Planning Project,Design Review Residential,Yes,Approved - Closed,2018-12-12,2018-12-12,2018-12-12,2018-12-12,Intake Review,Application Accepted,Azar new SFH OH,425 GOLF CT,nan,Simar Gill,DR Resi,1,False,True,DRC,1,Intake Review - Application Accepted,1,1,2019-08-21,2019-08-21
53,Y18-124,420,277,52,2,0,2018-12-18,2020-02-10,Planning Project,Tentative Map Minor Subdivision,Yes,Approved - Closed,2018-12-18,2018-12-18,2018-12-18,2018-12-18,Intake Review,Application Accepted,Montego Way Minor Subdivision,1200 MONTEGO,nan,Haley Croffoot,"*Tentative Map Minor Subdivision, UP Minor",2,False,True,ZA,1,Intake Review - Application Accepted,17,13,2019-05-06,2019-05-22
54,Y18-125,53,31,21,1,0,2018-12-18,2019-02-08,Planning Project,Use Permit Administrative,Yes,Close Out,2018-12-18,2018-12-18,2018-12-18,2018-12-18,Intake Review,Application Accepted,ThaiThani AUP at the Orchards,2892 YGNACIO VALLEY RD,nan,Simar Gill,UP Admin,1,True,False,,0,Intake Review - Application Accepted,0,0,,
55,Y18-126,70,41,1,1,40,2018-12-18,2019-02-25,Planning Project,Design Review Other,Yes,Close Out,2018-12-18,2019-01-28,2018-12-21,2019-01-28,Engineering Review,No Comments,The Heritage Senior Housing Gym Amenity,1785 SHUEY AV,nan,Chip Griffin,DR Other,1,True,False,,0,Engineering Review - No Comments,0,0,,
56,Y18-128,93,58,58,1,0,2018-12-19,2019-03-21,Planning Project,Hillside Performance Standards,Yes,Close Out,2018-12-19,2018-12-19,2018-12-19,2018-12-19,Intake Review,Application Accepted,Inglesby Grillo SFR Addition,125 GROVER LN,nan,Simar Gill,Hillside Performance Standards,1,False,True,ZA,1,Intake Review - Application Accepted,0,0,2019-03-27,2019-03-27
57,Y19-001,79,55,24,4,0,2019-01-09,2019-03-28,Planning Project,Variance,Yes,Close Out,2019-01-09,2019-01-09,2019-01-09,2019-01-09,Intake Review,Application Accepted,Speeth SFR Variance,112 GLEN CT,nan,Trishia Caguiat,Variance,1,False,True,ZA,1,Intake Review - Application Accepted,21,15,2019-03-07,2019-03-27
58,Y19-002,42,28,18,1,10,2019-01-09,2019-02-19,Planning Project,Use Permit Conditional,Yes,Approved - Closed,2019-01-09,2019-01-24,2019-01-09,2019-01-24,Intake Review,Application Accepted,Modern Acupuncture CUP,1867 YGNACIO VALLEY RD,nan,Simar Gill,UP Conditional,1,False,True,PC,1,Intake Review - Application Accepted,0,0,2019-03-19,2019-03-14
59,Y19-007,288,202,32,3,0,2019-01-24,2019-11-07,Planning Project,Use Permit Conditional,Yes,Approved,2019-01-24,2019-01-24,2019-01-24,2019-01-24,Intake Review,Application Accepted,Verizon Wireless @ EBMUD,1841 GEARY RD,nan,Simar Gill,UP Conditional,1,False,True,PC,1,Intake Review - Application Accepted,1,1,2019-11-07,2019-12-19
60,Y19-009,51,36,36,1,0,2019-01-30,2019-03-21,Planning Project,Design Review Sign,Yes,Close Out,2019-01-30,2019-01-30,2019-01-30,2019-01-30,Intake Review,Application Accepted,Beacon gas station rebranding,1387 S CALIFORNIA BLVD,nan,Simar Gill,DR Sign,1,True,False,,0,Intake Review - Application Accepted,0,0,,
61,Y19-010,166,117,98,4,0,2019-02-04,2019-07-19,Planning Project,Use Permit Conditional,Yes,Approved - Closed,2019-02-04,2019-02-04,2019-02-04,2019-02-04,Intake Review,Application Accepted,HUNTINGTON LEARNING CENTER,1536 NEWELL AV,nan,Trishia Caguiat,UP Conditional,1,False,True,PC,1,Intake Review - Application Accepted,129,91,2019-03-13,2019-07-19
62,Y19-011,37,26,16,2,0,2019-02-07,2019-03-15,Planning Project,Design Review Commercial,Yes,Close Out,2019-02-07,2019-02-07,2019-02-07,2019-02-07,Intake Review,Application Accepted,Kaiperm Credit Union Exterior ATM,325 N WIGET LN,nan,Simar Gill,DR Comm,1,True,False,,0,Intake Review - Application Accepted,0,0,,
63,Y19-014,79,57,39,2,0,2019-02-20,2019-05-09,Planning Project,Use Permit Conditional,Yes,Close Out,2019-02-20,2019-02-20,2019-02-20,2019-02-20,Intake Review,Application Accepted,1515 Restaurant CUP ALCH,1515 N MAIN ST,nan,Haley Croffoot,UP Conditional,1,False,True,PC,1,Intake Review - Application Accepted,0,0,2019-10-01,2019-10-11
64,Y19-015,29,21,21,1,0,2019-02-21,2019-03-21,Planning Project,Design Review Residential,Yes,Close Out,2019-02-21,2019-02-21,2019-02-21,2019-02-21,Intake Review,Application Accepted,GERSHEN SFR ADDITION OH,2073 ROCKSPRING PL,nan,Simar Gill,DR Resi,1,True,False,,0,Intake Review - Application Accepted,0,0,,
65,Y19-016,344,232,41,5,0,2019-03-01,2020-02-07,Planning Project,Design Review Commercial,Yes,Close Out,2019-02-25,2019-03-01,2019-03-01,2019-03-01,Intake Review,Application Accepted,SHERWIN-WILLIAMS PAINTS IN MASSE PARKING,2711 N MAIN ST,nan,Alan Carreon,"*DR Comm, Tree Removal Permit",2,False,True,PC,1,Intake Review - Application Accepted,14,10,2019-12-06,2019-12-19
66,Y19-020,388,263,218,3,0,2019-02-26,2020-03-19,Planning Project,Tentative Map Condo Conversion,Yes,Close Out,2019-02-26,2019-02-26,2019-02-26,2019-02-26,Intake Review,Application Accepted,Doctor's Park Condo Conversion,2121 YGNACIO VALLEY RD,nan,Greg Kapovich,Tentative Map Condo Conversion,1,False,True,ZA,1,Intake Review - Application Accepted,1,1,2019-07-22,2019-07-22
67,Y19-022,52,38,31,2,0,2019-02-27,2019-04-19,Planning Project,Design Review Sign,Yes,Close Out,2019-02-27,2019-02-27,2019-02-27,2019-02-27,Intake Review,Application Accepted,The Reserve MFR Monument Sign,1011 YGNACIO VALLEY RD,nan,Simar Gill,DR Sign,1,True,False,,0,Intake Review - Application Accepted,0,0,,
68,Y19-023,79,57,57,1,0,2019-02-27,2019-05-16,Planning Project,Design Review Sign,Yes,Close Out,2019-02-27,2019-02-27,2019-02-27,2019-02-27,Intake Review,Application Accepted,The Bridge MFR Monument Sign,125 NEAR CT,nan,Simar Gill,DR Sign,1,True,False,,0,Intake Review - Application Accepted,0,0,,
69,Y19-024,201,140,42,3,0,2019-02-28,2019-09-16,Planning Project,Zoning Amendment,Yes,Approved,2019-02-28,2019-02-28,2019-02-28,2019-02-28,Intake Review,Application Accepted,DR for new Bank of America building,2153 OAK GROVE DR,nan,"Simar Gill, Haley Croffoot","*Zoning Amendment, DR Comm",2,False,True,DRC,1,Intake Review - Application Accepted,1,1,2019-09-16,2019-09-18
70,Y19-027,165,117,108,2,0,2019-03-12,2019-08-23,Planning Project,Tentative Map Minor Subdivision,Yes,Approved,2019-03-12,2019-04-24,2019-03-12,2019-03-12,Intake Review,Application Accepted,Larkey Ln Estates Minor Sub & SFRs,2832 LARKEY LN,nan,Simar Gill,"*Tentative Map Minor Subdivision, DR Resi",2,False,True,ZA,1,Intake Review - Application Accepted,1,1,2019-07-24,2019-07-24
71,Y19-028,194,135,117,2,0,2019-03-14,2019-09-23,Planning Project,Design Review Residential,Yes,Close Out,2019-03-14,2019-03-14,2019-03-14,2019-03-14,Intake Review,Application Accepted,HOMESTEAD MFR EXT REMODEL,1301 HOMESTEAD AV,nan,Greg Kapovich,DR Resi,1,True,False,,0,Intake Review - Application Accepted,0,0,,
72,Y19-031,32,24,18,1,0,2019-03-19,2019-04-19,Planning Project,Use Permit Conditional,Yes,Approved - Closed,2019-03-19,2019-04-19,2019-03-19,2019-03-19,Intake Review,Application Accepted,Wellspring School CUP Amendment,1543 SUNNYVALE AVE,nan,Simar Gill,UP Conditional,1,False,True,PC,1,Intake Review - Application Accepted,1,1,2019-04-19,2019-05-09
73,Y19-034,25,19,19,1,0,2019-03-26,2019-04-19,Planning Project,Use Permit Administrative,Yes,Close Out,2019-03-26,2019-03-26,2019-03-26,2019-03-26,Intake Review,Application Accepted,AUP for Galpao Gaucho Brazilian Steakhouse,1444 N CALIFORNIA BL,nan,Simar Gill,UP Admin,1,True,False,,0,Intake Review - Application Accepted,0,0,,
74,Y19-035,141,99,20,2,0,2019-03-28,2019-08-15,Planning Project,Design Review Sign,Yes,Close Out,2019-03-28,2019-03-28,2019-03-28,2019-03-28,Intake Review,Application Accepted,ATRIUM DOWNTOWN MONUMENT SIGN,1812 TRINITY AVE,MONUMENT SIGN,"Simar Gill, Trishia Caguiat",DR Sign,1,True,False,,0,Intake Review - Application Accepted,0,0,,
75,Y19-039,120,84,68,2,0,2019-04-09,2019-08-06,Planning Project,Design Review Commercial,Yes,Close Out,2019-04-09,2019-04-09,2019-04-09,2019-04-09,Intake Review,Application Accepted,Bare Minerals Storefront Remodel,1237 BROADWAY PZ,nan,Simar Gill,DR Comm,1,True,False,,0,Intake Review - Application Accepted,0,0,,
76,Y19-040,16,12,12,1,0,2019-04-09,2019-04-24,Planning Project,Design Review Commercial,Yes,Approved,2019-04-09,2019-04-09,2019-04-09,2019-04-09,Intake Review,Application Accepted,15 Fifty 5 MSP Amendment,1555 RIVIERA AVE,nan,Haley Croffoot,DR Comm,1,False,True,DRC,1,Intake Review - Application Accepted,1,1,2019-04-24,2019-06-06
77,Y19-041,289,193,125,2,0,2019-04-10,2020-01-23,Planning Project,Design Review Commercial,Yes,Approved,2019-04-10,2019-04-10,2019-04-10,2019-04-10,Intake Review,Application Accepted,Viamonte Monument Sign,2801 SHADELANDS DR,nan,Haley Croffoot,DR Comm,1,False,True,DRC,1,Intake Review - Application Accepted,18,13,2020-01-06,2020-02-05
78,Y19-042,94,66,49,2,0,2019-04-10,2019-07-12,Planning Project,Use Permit Conditional,Yes,Close Out,2019-04-10,2019-04-10,2019-04-10,2019-04-10,Intake Review,Application Accepted,Element 7 Commercial Medicinal Cannabis Delivery,1448 SOS DR,nan,Greg Kapovich,UP Conditional,1,False,True,PC,1,Intake Review - Application Accepted,1,1,2019-07-12,2019-07-12
79,Y19-043,73,52,46,1,0,2019-04-17,2019-06-28,Planning Project,Use Permit Administrative,Yes,Approved,2019-04-17,2019-04-17,2019-04-17,2019-04-17,Intake Review,Application Accepted,Twisted Times Restaurant AUP,2065 N BROADWAY,nan,"Ethan Bindernagel, Trishia Caguiat",UP Admin,1,True,False,,0,Intake Review - Application Accepted,0,0,,
80,Y19-045,28,20,20,1,0,2019-04-24,2019-05-21,Planning Project,Use Permit Administrative,Yes,Approved,2019-04-24,2019-04-24,2019-04-24,2019-04-24,Intake Review,Application Accepted,Lever Coffee Parlor AUP,1410 N MAIN ST,nan,Haley Croffoot,UP Admin,1,True,False,,0,Intake Review - Application Accepted,0,0,,
81,Y19-046,71,49,49,1,0,2019-04-30,2019-07-09,Planning Project,Design Review Commercial,Yes,Close Out,2019-04-30,2019-05-14,2019-04-30,2019-04-30,Intake Review,Application Accepted,Shell Signage at 1790 YVR,1790 YGNACIO VALLEY RD,nan,Simar Gill,DR Comm,1,True,False,,0,Intake Review - Application Accepted,0,0,,
82,Y19-048,229,159,27,2,0,2019-05-06,2019-12-20,Planning Project,Design Review Commercial,Yes,Close Out,2019-05-06,2019-05-06,2019-05-06,2019-05-06,Intake Review,Application Accepted,La Cucina Di Ramona Cafe AUP & DR,2099 MT DIABLO BLVD,nan,Haley Croffoot,"*DR Comm, UP Admin",2,True,False,,0,Intake Review - Application Accepted,0,0,,
83,Y19-050,26,17,17,1,0,2019-05-09,2019-06-03,Planning Project,Use Permit Administrative,Yes,Close Out,2019-05-09,2019-05-09,2019-05-09,2019-05-09,Intake Review,Application Accepted,DULCE'S ANTOJITOS AUP,2333 OAK GROVE RD,nan,Haley Croffoot,UP Admin,1,True,False,,0,Intake Review - Application Accepted,0,0,,
84,Y19-055,261,173,29,2,0,2019-05-23,2020-02-07,Planning Project,Use Permit Conditional,Yes,Close Out,2019-05-23,2019-05-23,2019-05-23,2019-05-23,Intake Review,Application Accepted,Amy's Drive Thru Restaurant,1510 2ND AVE,nan,Alan Carreon,"*UP Conditional, DR Comm, Tree Removal Permit",3,False,True,"PC, CC",2,Intake Review - Application Accepted,110,69,2019-10-21,2020-03-03
85,Y19-057,186,129,21,2,0,2019-06-10,2019-12-12,Planning Project,Design Review Residential,Yes,Approved,2019-06-10,2019-06-10,2019-06-10,2019-06-10,Intake Review,Application Accepted,LYNVALE NEW HOME,1826 LYNVALE LN,nan,Simar Gill,DR Resi,1,False,True,ZA,1,Intake Review - Application Accepted,0,0,2020-01-31,2020-01-09
86,Y19-058,124,86,47,2,1,2019-06-13,2019-10-14,Planning Project,Design Review Commercial,Yes,Close Out,2019-06-13,2019-06-14,2019-06-13,2019-06-14,Intake Review,Application Accepted,John Muir Hospital Employee Parking Lot and Site Mods,230 LA CASA VIA,nan,Greg Kapovich,DR Comm,1,False,True,DRC,1,Intake Review - Application Accepted,1,1,2019-10-14,2019-12-10
87,Y19-059,52,37,25,2,1,2019-06-19,2019-08-09,Planning Project,Design Review Commercial,Yes,Close Out,2019-06-19,2019-06-20,2019-06-19,2019-06-20,Intake Review,Application Accepted,SPEEDWAY GAS STATION SIGNAGE,265 YGNACIO VALLEY RD,nan,Greg Kapovich,DR Comm,1,True,False,,0,Intake Review - Application Accepted,0,0,,
88,Y19-060,55,38,26,2,1,2019-06-19,2019-08-12,Planning Project,Design Review Commercial,Yes,Close Out,2019-06-19,2019-06-20,2019-06-19,2019-06-20,Intake Review,Application Accepted,SPEEDWAY GAS STATION SIGNAGE,2098 MT DIABLO BLVD,nan,Greg Kapovich,DR Comm,1,True,False,,0,Intake Review - Application Accepted,0,0,,
89,Y19-061,69,48,25,2,0,2019-06-20,2019-08-27,Planning Project,Use Permit Conditional,Yes,Approved,2019-06-20,2019-06-20,2019-06-20,2019-06-20,Intake Review,Application Accepted,DIABLO ESCAPE ROOM,1948 MT DIABLO BL,nan,Simar Gill,UP Conditional,1,False,True,PC,1,Intake Review - Application Accepted,1,1,2019-08-27,2019-09-12
90,Y19-065,45,32,29,2,0,2019-06-26,2019-08-09,Planning Project,Use Permit Conditional,Yes,Approved - Closed,2019-06-26,2019-06-26,2019-06-26,2019-06-26,Intake Review,Application Accepted,OVERNIGHT SAFE PARKING PROGRAM,1650 YGNACIO VALLEY RD,SPECIAL USE PERMIT,Simar Gill,UP Conditional,1,False,True,PC,1,Intake Review - Application Accepted,1,1,2019-08-08,2019-08-08
91,Y19-067,58,41,35,1,0,2019-06-27,2019-08-23,Planning Project,Use Permit Administrative,Yes,Close Out,2019-06-27,2019-06-27,2019-06-27,2019-06-27,Intake Review,Application Accepted,TAQUERIA LA PLAZA AUP,1510 PALOS VERDES MA,nan,Simar Gill,UP Admin,1,True,False,,0,Intake Review - Application Accepted,0,0,,
92,Y19-068,489,332,84,5,0,2019-06-27,2020-10-27,Planning Project,Tentative Map Major Subdivision,Yes,Close Out,2019-06-27,2019-06-27,2019-06-27,2019-06-27,Intake Review,Application Accepted,1501 N. CA Mixed Use,1501 N CALIFORNIA BLVD,nan,Alan Carreon,"*Tentative Map Major Subdivision, DR Comm",2,False,True,DRC,1,Intake Review - Application Accepted,57,40,2020-09-01,2020-12-10
93,Y19-069,44,31,31,1,0,2019-07-01,2019-08-13,Planning Project,Design Review Other,Yes,Close Out,2019-07-01,2019-07-01,2019-07-01,2019-07-01,Intake Review,Application Accepted,Gorjana jewelry store at Broadway Plaza,135 BROADWAY LN,nan,Chip Griffin,DR Other,1,True,False,,0,Intake Review - Application Accepted,0,0,,
94,Y19-070,227,150,45,2,0,2019-07-01,2020-02-12,Planning Project,Design Review Commercial,Yes,Close Out,2019-07-01,2019-07-01,2019-07-01,2019-07-01,Intake Review,Application Accepted,PLAZA ESCUELA DRC COLOR CHANGES,1181 LOCUST ST,nan,Chip Griffin,DR Comm,1,False,True,DRC,1,Intake Review - Application Accepted,21,15,2019-09-12,2019-10-02
95,Y19-073,120,84,33,2,0,2019-07-03,2019-10-30,Planning Project,Use Permit Administrative,Yes,Approved - Closed,2019-07-03,2019-07-03,2019-07-03,2019-07-03,Intake Review,Application Accepted,WHOLE FOODS AUP,1333 NEWELL AV,nan,Simar Gill,UP Admin,1,True,False,,0,Intake Review - Application Accepted,0,0,,
96,Y19-078,185,121,25,1,0,2019-07-22,2020-01-22,Planning Project,Use Permit Administrative,Yes,Close Out,2019-07-22,2019-07-22,2019-07-22,2019-07-22,Intake Review,Application Accepted,BIERHAUS AUP,1360 LOCUST ST,nan,Simar Gill,UP Admin,1,True,False,,0,Intake Review - Application Accepted,0,0,,
97,Y19-080,203,133,33,1,0,2019-07-25,2020-02-12,Planning Project,Use Permit Conditional,Yes,Close Out,2019-07-25,2019-07-25,2019-07-25,2019-07-25,Intake Review,Application Accepted,NEW VERIZON WIRELESS FACILITY MONOPINE,2500 N MAIN ST,nan,Chip Griffin,UP Conditional,1,False,True,PC,1,Intake Review - Application Accepted,31,23,2019-09-10,2019-10-10
98,Y19-081,13,9,9,1,0,2019-07-25,2019-08-06,Planning Project,Use Permit Conditional,Yes,Close Out,2019-07-25,2019-07-25,2019-07-25,2019-07-25,Intake Review,Application Accepted,Trinity Center Winter Emergency Shelter at the Armory - CUP,1800 CARMEL DR,nan,Greg Kapovich,UP Conditional,1,False,True,PC,1,Intake Review - Application Accepted,1,1,2019-08-06,2019-09-17
99,Y19-083,15,11,11,1,0,2019-07-29,2019-08-12,Planning Project,Use Permit Administrative,Yes,Close Out,2019-07-29,2019-07-29,2019-07-29,2019-07-29,Intake Review,Application Accepted,MARRIOTT AUP,2050 N CALIFORNIA BLVD,nan,Chip Griffin,UP Admin,1,True,False,,0,Intake Review - Application Accepted,0,0,,
100,Y19-086,294,197,62,3,0,2019-07-30,2020-05-18,Planning Project,Design Review Residential,Yes,Close Out,2019-07-30,2019-07-30,2019-07-30,2019-07-30,Intake Review,Application Accepted,OVERLOOK 2ND STORY ADDITION,2166 OVERLOOK DR,nan,Greg Kapovich,DR Resi,1,True,False,,0,Intake Review - Application Accepted,0,0,,
101,Y19-088,39,28,14,2,0,2019-08-06,2019-09-13,Planning Project,Design Review Other,Yes,Close Out,2019-08-06,2019-08-06,2019-08-06,2019-08-06,Intake Review,Application Accepted,Larkwood Townhomes Carport Replacements,1600 SAN LUIS RD,nan,Simar Gill,DR Other,1,True,False,,0,Intake Review - Application Accepted,0,0,,
102,Y19-090,395,267,125,3,0,2019-08-12,2020-09-09,Planning Project,Design Review Commercial,Yes,Close Out,2019-08-12,2019-08-12,2019-08-12,2019-08-12,Intake Review,Application Accepted,7-ELEVEN NEW BUILDING AND SIGNAGE,690 YGNACIO VALLEY RD,nan,Chip Griffin,"*DR Comm, UP Admin, UP Conditional",3,False,True,"PC, DRC",2,Intake Review - Application Accepted,0,0,2020-09-09,2020-07-15
103,Y19-097,109,75,44,1,0,2019-08-26,2019-12-12,Planning Project,Use Permit Conditional,Yes,Approved - Closed,2019-08-26,2019-08-26,2019-08-26,2019-08-26,Intake Review,Application Accepted,OAK KNOLL LOOP AIRBNB,191 OAK KNOLL LOOP,nan,Simar Gill,UP Conditional,1,False,True,PC,1,Intake Review - Application Accepted,25,16,2019-11-11,2019-12-05
104,Y19-098,52,37,37,1,0,2019-08-27,2019-10-17,Planning Project,Use Permit Administrative,Yes,Approved - Closed,2019-08-27,2019-09-09,2019-08-27,2019-08-27,Intake Review,Application Accepted,TAQUERIA EL MOLINO AUP,2228 OAK GROVE RD,nan,Simar Gill,UP Admin,1,True,False,,0,Intake Review - Application Accepted,0,0,,
105,Y19-099,163,105,14,1,0,2019-08-27,2020-02-05,Planning Project,Use Permit Conditional,Yes,Close Out,2019-08-27,2019-08-27,2019-08-27,2019-08-27,Intake Review,Application Accepted,JOHN MUIR MEDICAL OFFICE,1914 TICE VALLEY BL,nan,Alan Carreon,UP Conditional,1,False,True,PC,1,Intake Review - Application Accepted,18,14,2019-09-23,2019-10-10
106,Y19-101,163,106,57,4,20,2019-09-03,2020-02-12,Planning Project,Use Permit Administrative,Yes,Approved,2019-09-03,2019-10-01,2019-09-03,2019-10-01,Intake Review,Application Accepted,CAPULLO RESTAURANT AUP,1518 BONANZA ST,nan,Ozzy Arce,UP Admin,1,True,False,,0,Intake Review - Application Accepted,0,0,,
107,Y19-102,163,106,102,3,0,2019-09-03,2020-02-12,Planning Project,Design Review Commercial,Yes,Close Out,2019-09-03,2019-09-03,2019-09-03,2019-09-03,Intake Review,Application Accepted,LEVER COFFEE FACADE IMPROVEMENTS,1410 N MAIN ST,nan,Chip Griffin,DR Comm,1,True,False,,0,Intake Review - Application Accepted,0,0,,
108,Y19-103,34,24,25,2,0,2019-09-04,2019-10-07,Planning Project,Use Permit Administrative,Yes,Approved - Closed,2019-09-04,2019-09-04,2019-09-04,2019-09-04,Intake Review,Application Accepted,CREEK HOUSE DIM SUM AUP,1291 PARKSIDE DR,nan,Ozzy Arce,UP Admin,1,True,False,,0,Intake Review - Application Accepted,0,0,,
109,Y19-110,149,96,9,3,0,2019-09-16,2020-02-11,Planning Project,Use Permit Conditional,Yes,Close Out,2019-09-16,2019-09-16,2019-09-16,2019-09-16,Intake Review,Application Accepted,NORTHERN ERUDITE VENTURES CANNABIS,2678 N MAIN ST,nan,Greg Kapovich,UP Conditional,1,False,True,PC,1,Intake Review - Application Accepted,1,1,2019-12-09,2019-12-09
110,Y19-113,105,65,65,1,0,2019-09-24,2020-01-06,Planning Project,Design Review Commercial,Yes,Approved - Closed,2019-09-24,2019-09-24,2019-09-24,2019-09-24,Intake Review,Application Accepted,1357 N MAIN ST FACADE IMPROVEMENTS,1357 N MAIN ST,nan,Chip Griffin,DR Comm,1,True,False,,0,Intake Review - Application Accepted,0,0,,
111,Y19-114,35,25,25,1,0,2019-09-27,2019-10-31,Planning Project,Design Review Commercial,Yes,Close Out,2019-09-27,2019-09-27,2019-09-27,2019-09-27,Intake Review,Application Accepted,INDOCHINO FACADE IMPROVEMENTS @ BRDWAY PLAZA,1282 BROADWAY PZ,nan,Simar Gill,DR Comm,1,True,False,,0,Intake Review - Application Accepted,0,0,,
112,Y19-116,113,70,34,3,0,2019-10-10,2020-01-30,Planning Project,Design Review Residential,Yes,Close Out,2019-10-10,2019-10-10,2019-10-10,2019-10-10,Intake Review,Application Accepted,SHADY GLEN SINGLE FAMILY HOME,353 SHADY GLEN RD,nan,Jessica Gonzalez,"*DR Resi, Hillside Performance Standards",2,False,True,ZA,1,Intake Review - Application Accepted,0,0,2020-02-26,2020-02-26
113,Y19-118,85,51,29,3,0,2019-10-15,2020-01-07,Planning Project,Design Review Commercial,Yes,Not Approved - Closed,2019-10-15,2019-10-15,2019-10-15,2019-10-15,Intake Review,Application Accepted,BURMA 2 FRONT AWNING,1616 N MAIN ST,nan,Jessica Gonzalez,DR Comm,1,False,True,DRC,1,Intake Review - Application Accepted,0,0,2020-02-05,2020-02-05
114,Y19-119,121,76,76,1,0,2019-10-15,2020-02-12,Planning Project,Use Permit Conditional,Yes,Approved - Closed,2019-10-15,2019-10-15,2019-10-15,2019-10-15,Intake Review,Application Accepted,MODERN CHINA CAFE CUP,1525 N MAIN ST,nan,Chip Griffin,UP Conditional,1,False,True,PC,1,Intake Review - Application Accepted,0,0,2020-02-12,2019-12-05
115,Y19-121,84,50,27,3,0,2019-10-16,2020-01-07,Planning Project,Design Review Commercial,Yes,Close Out,2019-10-16,2019-10-16,2019-10-16,2019-10-16,Intake Review,Application Accepted,PUBLIC STORAGE SIGNS,2500 N MAIN ST,nan,Jessica Gonzalez,DR Comm,1,False,True,DRC,1,Intake Review - Application Accepted,21,8,2019-12-18,2020-03-04
116,Y19-122,99,60,22,4,0,2019-10-17,2020-01-23,Planning Project,Design Review Commercial,Yes,Approved,2019-10-17,2019-10-17,2019-10-17,2019-10-17,Intake Review,Application Accepted,TARGET NEW BUILDING,1871 N MAIN ST,nan,Simar Gill,DR Comm,1,False,True,DRC,1,Intake Review - Application Accepted,0,0,2020-05-20,2020-05-20
117,Y19-123,64,43,28,2,0,2019-10-21,2019-12-23,Planning Project,Use Permit Conditional,Yes,Close Out,2019-10-21,2019-10-21,2019-10-21,2019-10-21,Intake Review,Application Accepted,CAJSKI VARIANCE ADDITION,1813 PARKSIDE DR,nan,Simar Gill,UP Conditional,1,False,True,PC,1,Intake Review - Application Accepted,0,0,2020-03-11,2020-02-27
118,Y19-125,114,71,25,2,0,2019-10-22,2020-02-12,Planning Project,Design Review Commercial,Yes,Close Out,2019-10-22,2019-10-22,2019-10-22,2019-10-22,Intake Review,Application Accepted,BIERHAUS FACADE IMPROVEMENTS,1360 LOCUST ST,nan,Jessica Gonzalez,DR Comm,1,True,False,,0,Intake Review - Application Accepted,0,0,,
119,Y19-126,35,24,15,3,0,2019-10-23,2019-11-26,Planning Project,Design Review Commercial,Yes,Approved - Closed,2019-10-23,2019-10-23,2019-10-23,2019-10-23,Intake Review,Application Accepted,EBMUD CANOPY AND SITE IMPROVEMENTS,2658 N MAIN ST,nan,Jessica Gonzalez,DR Comm,1,True,False,,0,Intake Review - Application Accepted,0,0,,
120,Y19-128,91,54,16,3,0,2019-10-24,2020-01-22,Planning Project,Design Review Sign,Yes,Close Out,2019-10-24,2019-10-24,2019-10-24,2019-10-24,Intake Review,Application Accepted,ROTATOR TAPROOM BANNER SIGN,1415 PINE ST,SIGN,Simar Gill,DR Sign,1,True,False,,0,Intake Review - Application Accepted,0,0,,
121,Y19-130,130,82,23,1,0,2019-10-29,2020-03-06,Planning Project,Use Permit Conditional,Yes,Approved - Closed,2019-10-29,2019-10-29,2019-10-29,2019-10-29,Intake Review,Application Accepted,Reiser Bed N Breakfast Inn (Airbnb),1854 SHUEY AV,nan,Alan Carreon,UP Conditional,1,False,True,PC,1,Intake Review - Application Accepted,73,45,2019-12-03,2020-02-13
122,Y19-131,30,19,19,1,0,2019-11-06,2019-12-05,Planning Project,Design Review Commercial,Yes,Approved - Closed,2019-11-06,2019-11-06,2019-11-06,2019-11-06,Intake Review,Application Accepted,BASS MEDICAL CANOPIES,2637 SHADELANDS DR,nan,Simar Gill,DR Comm,1,True,False,,0,Intake Review - Application Accepted,0,0,,
123,Y19-132,39,27,19,2,0,2019-11-12,2019-12-20,Planning Project,Use Permit Administrative,Yes,Approved - Closed,2019-11-12,2019-11-12,2019-11-12,2019-11-12,Intake Review,Application Accepted,BURGER LOFT AUP,1389 N MAIN ST,nan,Jessica Gonzalez,UP Admin,1,True,False,,0,Intake Review - Application Accepted,0,0,,
124,Y19-133,25,17,17,1,0,2019-11-18,2019-12-12,Planning Project,Design Review Commercial,Yes,Close Out,2019-11-18,2019-11-18,2019-11-18,2019-11-18,Intake Review,Application Accepted,CAPRICE APARTMENTS REMODEL,1726 LACASSIE AVE,nan,Simar Gill,DR Comm,1,True,False,,0,Intake Review - Application Accepted,0,0,,
125,Y19-134,85,51,25,2,0,2019-11-20,2020-02-12,Planning Project,Design Review Commercial,Yes,Close Out,2019-11-20,2020-01-07,2019-11-20,2019-11-20,Intake Review,Application Accepted,Rodd and Gunn at Broadway PLAZA,1243 BROADWAY PZ,nan,Jessica Gonzalez,DR Comm,1,True,False,,0,Intake Review - Application Accepted,0,0,,
126,Y19-136,66,40,33,1,0,2019-12-09,2020-02-12,Planning Project,Design Review Commercial,Yes,Close Out,2019-12-09,2019-12-09,2019-12-09,2019-12-09,Intake Review,Application Accepted,LAMBORGHINI SHOWROOM REMODEL AND SIGNAGE,2255 N MAIN ST,nan,Chip Griffin,DR Comm,1,True,False,,0,Intake Review - Application Accepted,0,0,,
127,Y19-137,28,13,13,1,0,2019-12-11,2020-01-07,Planning Project,Use Permit Conditional,Yes,Approved - Closed,2019-12-11,2019-12-11,2019-12-11,2019-12-11,Intake Review,Application Accepted,WALNUT CREEK THEATER CUP,1342 BROADWAY PLAZA,nan,Haley Croffoot,UP Conditional,1,False,True,PC,1,Intake Review - Application Accepted,1,1,2020-01-07,2020-01-23
128,Y19-138,132,85,60,4,0,2019-12-18,2020-04-27,Planning Project,Design Review Residential,Yes,Close Out,2019-12-18,2019-12-18,2019-12-18,2019-12-18,Intake Review,Application Accepted,2801 LARKEY DESIGN REVIEW,2801 LARKEY LN,nan,Jessica Gonzalez,DR Resi,1,True,False,,0,Intake Review - Application Accepted,0,0,,
129,Y19-139,23,10,10,2,0,2019-12-18,2020-01-09,Planning Project,Use Permit Administrative,Yes,Approved - Closed,2019-12-18,2019-12-18,2019-12-18,2019-12-18,Intake Review,Application Accepted,TOYOSU AUP,1552 LOCUST ST,nan,Haley Croffoot,UP Admin,1,True,False,,0,Intake Review - Application Accepted,0,0,,
130,Y19-140,34,16,16,1,0,2019-12-19,2020-01-21,Planning Project,Design Review Commercial,Yes,Not Approved - Closed,2019-12-19,2019-12-19,2019-12-19,2019-12-19,Intake Review,Application Accepted,EVERLANE STOREFRONT REMODEL @BROADWAY PLZ,1260 BROADWAY PZ,nan,"Simar Gill, Haley Croffoot",DR Comm,1,False,False,,0,Intake Review - Application Accepted,0,0,,
131,Y20-004,13,8,8,1,0,2020-01-16,2020-01-28,Planning Project,Design Review Sign,Yes,Approved - Closed,2020-01-16,2020-01-16,2020-01-16,2020-01-16,Intake Review,Application Accepted,BASS MEDICAL WALL SIGN,2637 SHADELANDS DR,nan,Haley Croffoot,DR Sign,1,True,False,,0,Intake Review - Application Accepted,0,0,,
132,Y20-011,130,92,55,3,0,2020-01-28,2020-06-05,Planning Project,Design Review Residential,Yes,Close Out,2020-01-28,2020-01-28,2020-01-28,2020-01-28,Intake Review,Application Accepted,2ND AVENUE - 2 SINGLE FAMILY RESIDENCES,1901 2ND AVE,nan,Jessica Gonzalez,DR Resi,1,True,False,,0,Intake Review - Application Accepted,0,0,,
133,Y20-016,187,130,30,2,0,2020-01-30,2020-08-03,Planning Project,Design Review Sign,Yes,Approved,2020-01-30,2020-01-30,2020-01-30,2020-01-30,Intake Review,Application Accepted,WALNUT CREEK DEPOT BUILDING MSP,850 S BROADWAY,MSP,Haley Croffoot,DR Sign,1,False,True,DRC,1,Intake Review - Application Accepted,0,0,2020-08-10,2020-09-16
134,Y20-024,67,49,38,2,0,2020-02-24,2020-04-30,Planning Project,Design Review Commercial,Yes,Close Out,2020-02-24,2020-02-24,2020-02-24,2020-02-24,Intake Review,Application Accepted,WALNUT CREEK TRANSIT VILLAGE MSP,200 YGNACIO VALLEY RD,MSP,Simar Gill,DR Comm,1,False,True,DRC,1,Intake Review - Application Accepted,0,0,2020-07-20,2020-08-05
135,Y20-027,165,117,44,2,0,2020-03-03,2020-08-14,Planning Project,Design Review Residential,Yes,Close Out,2020-03-03,2020-03-03,2020-03-03,2020-03-03,Intake Review,Application Accepted,NARLOCH  POOL & PAVILION ADDITION,2323 DEER VALLEY LN,nan,Jessica Gonzalez,DR Resi,1,False,True,DRC,1,Intake Review - Application Accepted,0,0,2020-10-07,2020-10-07
136,Y20-028,22,16,12,2,0,2020-03-05,2020-03-26,Planning Project,Use Permit Conditional,Yes,Approved,2020-03-05,2020-03-05,2020-03-05,2020-03-05,Intake Review,Application Accepted,REALTY ONE OFFICE USE CUP,200 PRINGLE AVE,nan,Haley Croffoot,UP Conditional,1,False,True,PC,1,Intake Review - Application Accepted,1,1,2020-03-26,2020-04-23
137,Y20-029,61,43,25,2,0,2020-03-05,2020-05-04,Planning Project,Design Review Residential,Yes,Close Out,2020-03-05,2020-03-05,2020-03-05,2020-03-05,Intake Review,Application Accepted,Haven Development Co. SFRs & Lot Split,1631 1ST AVE,nan,Alan Carreon,"*DR Resi, Tentative Map Minor Subdivision",2,False,True,"ZA, DRC",2,Intake Review - Application Accepted,1,1,2020-05-04,2020-08-04
138,Y20-032,299,200,41,1,0,2020-03-20,2021-01-12,Planning Project,Design Review Residential,Yes,Approved,2020-03-20,2020-03-20,2020-03-20,2020-03-20,Intake Review,Application Accepted,ZECCARDI ADDITION,531 CHANDON CT,nan,Jessica Gonzalez,DR Resi,1,True,False,,0,Intake Review - Application Accepted,0,0,,
139,Y20-035,75,52,31,2,0,2020-04-03,2020-06-16,Planning Project,Use Permit Conditional,Yes,Approved - Closed,2020-04-03,2020-04-03,2020-04-03,2020-04-03,Intake Review,Application Accepted,TWO LEFT FEET DANCE CENTER CUP,1651 BOTELHO DR,nan,Simar Gill,UP Conditional,1,False,True,PC,1,Intake Review - Application Accepted,0,0,2020-06-25,2020-06-25
140,Y20-036,99,69,15,1,0,2020-04-17,2020-07-24,Planning Project,Design Review Commercial,Yes,Close Out,2020-04-17,2020-04-17,2020-04-17,2020-04-17,Intake Review,Application Accepted,YGNACIO CENTER FACADE IMPROVEMENTS,1990 N CALIFORNIA BLVD,nan,Simar Gill,DR Comm,1,False,True,DRC,1,Intake Review - Application Accepted,31,23,2020-06-01,2020-07-01
141,Y20-039,79,56,28,2,0,2020-05-27,2020-08-13,Planning Project,Design Review Commercial,Yes,Close Out,2020-05-27,2020-05-27,2020-05-27,2020-05-27,Intake Review,Application Accepted,NESPRESSO FACADE IMPROVEMENTS,1180 BROADWAY PZ,nan,Simar Gill,DR Comm,1,True,False,,0,Intake Review - Application Accepted,0,0,,
142,Y20-040,116,80,41,4,0,2020-05-29,2020-09-21,Planning Project,Design Review Sign,Yes,Approved,2020-05-29,2020-05-29,2020-05-29,2020-05-29,Intake Review,Application Accepted,GOLDEN TRIANGLE MSP,2175 N CALIFORNIA BL,MSP,Haley Croffoot,DR Sign,1,False,True,DRC,1,Intake Review - Application Accepted,5,3,2020-09-17,2020-11-04
143,Y20-042,140,98,20,2,0,2020-06-09,2020-10-26,Planning Project,Design Review Residential,Yes,Close Out,2020-06-09,2020-06-09,2020-06-09,2020-06-09,Intake Review,Application Accepted,GONSALVES MFR ADDITION,1858 SAN MIGUEL DR,nan,"Jessica Gonzalez, Jessica Gonzalez",DR Resi,1,True,False,,0,Intake Review - Application Accepted,0,0,,
144,Y20-043,39,28,16,2,0,2020-06-16,2020-07-24,Planning Project,Use Permit Minor,Yes,Approved - Closed,2020-06-16,2020-06-16,2020-06-16,2020-06-16,Intake Review,Application Accepted,DIAZ FENCE MUP,1710 3RD AVE,nan,Simar Gill,UP Minor,1,False,True,ZA,1,Intake Review - Application Accepted,0,0,2020-08-12,2020-08-12
145,Y20-044,122,85,15,3,0,2020-06-18,2020-10-17,Planning Project,Use Permit Administrative,Yes,Close Out,2020-06-18,2020-06-18,2020-06-18,2020-06-18,Intake Review,Application Accepted,SEQUOIA LIVING VIA MONTE AUP,2801 SHADELANDS DR,nan,"Jessica Gonzalez, Jessica Gonzalez",UP Admin,1,True,False,,0,Intake Review - Application Accepted,0,0,,
146,Y20-047,17,12,12,1,0,2020-06-30,2020-07-16,Planning Project,Design Review Residential,Yes,Close Out,2020-06-30,2020-06-30,2020-06-30,2020-06-30,Intake Review,Application Accepted,CLAYTON SFR ADDITION,2165 YOUNGS CT,nan,Simar Gill,DR Resi,1,True,False,,0,Intake Review - Application Accepted,0,0,,
147,Y20-049,68,47,48,2,0,2020-07-17,2020-09-22,Planning Project,Design Review Commercial,Yes,Close Out,2020-07-17,2020-07-17,2020-07-17,2020-07-17,Intake Review,Application Accepted,ALTERRA MFR FACADE MODIFICATIONS,1204 ALPINE RD,nan,Chip Griffin,DR Comm,1,True,False,,0,Intake Review - Application Accepted,0,0,,
148,Y20-052,876,593,99,8,0,2020-07-28,2022-12-20,Planning Project,Design Review Residential,Yes,Close Out,2020-07-28,2020-07-28,2020-07-28,2020-07-28,Intake Review,Application Accepted,WALDEN MULTIFAMILY DEVELOPMENT,1394 WALDEN RD,nan,Simar Gill,"*DR Resi, Tentative Map Major Subdivision",2,False,True,"CC, PC",2,Intake Review - Application Accepted,60,43,2022-07-11,2022-09-08
149,Y20-054,18,14,14,1,0,2020-08-03,2020-08-20,Planning Project,Design Review Residential,Yes,Close Out,2020-08-03,2020-08-03,2020-08-03,2020-08-03,Intake Review,Application Accepted,HAWORTH SFR ADDITION,100 LA BOLSA RD,nan,Simar Gill,DR Resi,1,True,False,,0,Intake Review - Application Accepted,0,0,,
150,Y20-055,186,122,36,1,0,2020-08-03,2021-02-04,Planning Project,Design Review Commercial,Yes,Approved - Closed,2020-08-03,2020-08-03,2020-08-03,2020-08-03,Intake Review,Application Accepted,ZEBRA STOREFRONT REMODEL,1419 BROADWAY N,nan,Jessica Gonzalez,DR Comm,1,True,False,,0,Intake Review - Application Accepted,0,0,,
151,Y20-056,175,113,62,4,0,2020-08-07,2021-01-28,Planning Project,Design Review Commercial,Yes,Approved - Closed,2020-08-07,2020-08-07,2020-08-07,2020-08-07,Intake Review,Application Accepted,MERCEDES-BENZ ADDITION,1301 PARKSIDE DR,nan,"Jessica Gonzalez, Jessica Gonzalez",DR Comm,1,False,True,DRC,1,Intake Review - Application Accepted,0,0,2021-02-17,2021-02-17
152,Y20-063,139,88,38,2,0,2020-09-25,2021-02-10,Planning Project,Design Review Commercial,Yes,Close Out,2020-09-25,2020-09-25,2020-09-25,2020-09-25,Intake Review,Application Accepted,JMMC Specialty Outpatient Bldg,175 LA CASA VIA,nan,Alan Carreon,DR Comm,1,False,True,DRC,1,Intake Review - Application Accepted,1,1,2021-02-10,2021-03-17
153,Y20-065,72,49,28,2,0,2020-09-30,2020-12-10,Planning Project,Use Permit Conditional,Yes,Close Out,2020-09-30,2020-09-30,2020-09-30,2020-09-30,Intake Review,Application Accepted,FUTURES IN EDUCATION CUP,101 YGNACIO VALLEY RD,nan,Chip Griffin,"*UP Conditional, UP Minor",2,False,True,PC,1,Intake Review - Application Accepted,1,1,2020-12-10,2020-12-18
154,Y20-068,43,30,20,2,0,2020-10-05,2020-11-16,Planning Project,Design Review Commercial,Yes,Close Out,2020-10-05,2020-10-05,2020-10-05,2020-10-05,Intake Review,Application Accepted,1129 MAIN STREET STOREFRONT FACADE REMODEL,1129 S MAIN ST,nan,Simar Gill,DR Comm,1,True,False,,0,Intake Review - Application Accepted,0,0,,
155,Y20-069,121,76,24,2,0,2020-10-07,2021-02-04,Planning Project,Use Permit Administrative,Yes,Approved - Closed,2020-10-07,2020-10-07,2020-10-07,2020-10-07,Intake Review,Application Accepted,BRIOCHE DE PARIS AUP,1421 LOCUST ST,nan,Jessica Gonzalez,UP Admin,1,True,False,,0,Intake Review - Application Accepted,0,0,,
156,Y20-074,22,16,16,2,0,2020-10-19,2020-11-09,Planning Project,Use Permit Administrative,Yes,Close Out,2020-10-19,2020-10-19,2020-10-19,2020-10-19,Intake Review,Application Accepted,ExpectAsian AUP,1385 N MAIN ST,nan,Simar Gill,UP Admin,1,True,False,,0,Intake Review - Application Accepted,0,0,,
157,Y20-076,155,99,33,4,0,2020-10-23,2021-03-26,Planning Project,Use Permit Conditional,Yes,Close Out,2020-10-23,2020-10-23,2020-10-23,2020-10-23,Intake Review,Application Accepted,Muir Oncology Temp CT Trailer,500 LENNON LN,SPECIAL USE PERMIT,Alan Carreon,UP Conditional,1,False,True,PC,1,Intake Review - Application Accepted,0,0,2021-03-26,2021-03-25
158,Y20-077,26,17,17,1,0,2020-10-30,2020-11-24,Planning Project,Design Review Commercial,Yes,Close Out,2020-10-30,2020-10-30,2020-10-30,2020-10-30,Intake Review,Application Accepted,HICKORY PIT PERGOLA,1495 S MAIN ST,nan,Simar Gill,DR Comm,1,True,False,,0,Intake Review - Application Accepted,0,0,,
159,Y20-078,77,45,13,2,0,2020-10-30,2021-01-14,Planning Project,Use Permit Minor,Yes,Close Out,2020-10-30,2020-10-30,2020-10-30,2020-10-30,Intake Review,Application Accepted,MUP Reese Fence @ 3885 Arbolado Dr.,3885 ARBOLADO DR,nan,Alan Carreon,UP Minor,1,False,True,ZA,1,Intake Review - Application Accepted,27,12,2020-12-18,2021-01-13
160,Y20-080,39,26,15,2,0,2020-11-02,2020-12-10,Planning Project,Use Permit Conditional,Yes,Close Out,2020-11-02,2020-11-02,2020-11-02,2020-11-02,Intake Review,Application Accepted,KAIPERM CUP,1550 NEWELL AV,nan,Jessica Gonzalez,"*UP Conditional, DR Comm",2,False,True,PC,1,Intake Review - Application Accepted,0,0,2020-12-17,2021-01-06
161,Y20-084,175,114,57,4,0,2020-11-13,2021-05-06,Planning Project,Use Permit Conditional,Yes,Approved - Closed,2020-11-13,2020-11-13,2020-11-13,2020-11-13,Intake Review,Application Accepted,SHAKE SHACK DR-CUP,1604 MT DIABLO BLVD,nan,Haley Croffoot,"*UP Conditional, DR Comm",2,False,True,"DRC, PC",2,Intake Review - Application Accepted,1,1,2021-05-06,2021-06-16
162,Y20-085,28,18,18,1,0,2020-11-13,2020-12-10,Planning Project,Design Review Commercial,Yes,Close Out,2020-11-13,2020-11-13,2020-11-13,2020-11-13,Intake Review,Application Accepted,Starbird Restaurant Facade @Encina Grande SC,2849 YGNACIO VALLEY RD,nan,Alan Carreon,DR Comm,1,True,False,,0,Intake Review - Application Accepted,0,0,,
163,Y20-089,93,56,56,1,0,2020-11-18,2021-02-18,Planning Project,Design Review Residential,Yes,Close Out,2020-11-18,2020-11-18,2020-11-18,2020-11-18,Intake Review,Application Accepted,ALLEN SFR ADDITION,3 STEELE CT,nan,Chip Griffin,DR Resi,1,True,False,,0,Intake Review - Application Accepted,0,0,,
164,Y20-092,50,28,22,2,0,2020-12-11,2021-01-29,Planning Project,Use Permit Conditional,Yes,Close Out,2020-12-11,2020-12-11,2020-12-11,2020-12-11,Intake Review,Application Accepted,Mercedes-Benz Temporary Vehicle Storage SUP,1910 BROADWAY N,SUP,Alan Carreon,UP Conditional,1,False,True,PC,1,Intake Review - Application Accepted,1,1,2021-01-29,2021-02-12
165,Y20-095,85,52,52,1,0,2020-12-18,2021-03-12,Planning Project,Design Review Commercial,Yes,Approved,2020-12-18,2020-12-21,2020-12-18,2020-12-18,Intake Review,Application Accepted,699 YGNACIO MIXED USE NEW BUILDING,699 YGNACIO VALLEY RD,nan,Haley Croffoot,DR Comm,1,True,False,,0,Intake Review - Application Accepted,0,0,,
166,Y21-003,167,116,66,5,0,2021-01-08,2021-06-23,Planning Project,Design Review Commercial,Yes,Approved - Closed,2021-01-08,2021-01-08,2021-01-08,2021-01-08,Intake Review,Application Accepted,5 TACOS & BEERS DR/AUP,1352 LOCUST ST,nan,Haley Croffoot,"*DR Comm, UP Admin",2,True,False,,0,Intake Review - Application Accepted,0,0,,
167,Y21-005,28,19,19,1,0,2021-01-21,2021-02-17,Planning Project,General Plan Amendment,Yes,Close Out,2021-01-21,2021-01-21,2021-01-21,2021-01-21,Intake Review,Application Accepted,WC TOYOTA MIXED USE,2100 N BROADWAY,nan,Chip Griffin,"*General Plan Amendment, Zoning Amendment",2,False,True,CC,1,Intake Review - Application Accepted,1,1,2021-02-17,2021-02-17
168,Y21-011,735,496,36,3,0,2021-02-03,2023-02-07,Planning Project,Design Review Commercial,Yes,Approved - Closed,2021-02-03,2021-02-03,2021-02-03,2021-02-03,Intake Review,Application Accepted,WC Luxury Cars Exteriors Alterations & Signs,2330 N MAIN ST,nan,"Jessica Gonzalez, Alan Carreon",DR Comm,1,False,True,DRC,1,Intake Review - Application Accepted,1,1,2021-11-17,2021-11-17
169,Y21-014,64,45,45,1,0,2021-02-12,2021-04-16,Planning Project,Design Review Residential,Yes,Close Out,2021-02-12,2021-02-12,2021-02-12,2021-02-12,Intake Review,Application Accepted,HUA MFR ADDITION,806 PASEO ROBLE CT,nan,Chip Griffin,DR Resi,1,True,False,,0,Intake Review - Application Accepted,0,0,,
170,Y21-019,57,41,32,2,0,2021-02-26,2021-04-23,Planning Project,Design Review Sign,Yes,Approved - Closed,2021-02-26,2021-02-26,2021-02-26,2021-02-26,Intake Review,Application Accepted,BANFIELD PET HOSPITAL MONUMENT SIGN,1780 YGNACIO VALLEY RD,nan,Jessica Gonzalez,DR Sign,1,False,True,DRC,1,Intake Review - Application Accepted,1,1,2021-04-23,2021-05-05
171,Y21-023,92,65,15,1,0,2021-03-19,2021-06-18,Planning Project,Use Permit Administrative,Yes,Approved - Closed,2021-03-19,2021-03-19,2021-03-19,2021-03-19,Intake Review,Application Accepted,TAQUERIO LIMON AUP,1653 MT DIABLO BL,nan,Jessica Gonzalez,UP Admin,1,True,False,,0,Intake Review - Application Accepted,0,0,,
172,Y21-026,157,112,28,3,0,2021-03-31,2021-09-03,Planning Project,Use Permit Conditional,Yes,Close Out,2021-03-31,2021-03-31,2021-03-31,2021-03-31,Intake Review,Application Accepted,PLANET FITNESS CUP,1697 MT DIABLO BL,nan,Simar Gill,UP Conditional,1,False,True,PC,1,Intake Review - Application Accepted,1,1,2021-09-03,2021-09-09
173,Y21-028,292,195,33,2,0,2021-04-02,2022-01-18,Planning Project,Design Review Commercial,Yes,Close Out,2021-04-02,2021-04-02,2021-04-02,2021-04-02,Intake Review,Application Accepted,PRIMROSE DAYCARE NEW BUILDING,2291 OAK GROVE RD,nan,Simar Gill,"*DR Comm, UP Conditional",2,False,True,PC,1,Intake Review - Application Accepted,47,25,2021-12-03,2022-01-18
174,Y21-033,623,418,20,2,0,2021-04-27,2023-01-09,Planning Project,Design Review Commercial,Yes,Approved - Closed,2021-04-27,2021-04-27,2021-04-27,2021-04-27,Intake Review,Application Accepted,RUTH BANCROFT GARDEN MONUMENT SIGN,1552 BANCROFT RD,nan,Jessica Gonzalez,DR Comm,1,True,False,,0,Intake Review - Application Accepted,0,0,,
175,Y21-036,176,124,26,2,0,2021-05-05,2021-10-27,Planning Project,Use Permit Administrative,Yes,Approved - Closed,2021-05-05,2021-05-05,2021-05-05,2021-05-05,Intake Review,Application Accepted,GATHER WEDDINGS & EVENTS AUP,1347 LOCUST ST,nan,Haley Croffoot,UP Admin,1,True,False,,0,Intake Review - Application Accepted,0,0,,
176,Y21-041,55,38,38,1,0,2021-05-19,2021-07-12,Planning Project,Use Permit Administrative,Yes,Approved - Closed,2021-05-19,2021-05-19,2021-05-19,2021-05-19,Intake Review,Application Accepted,LITA'S TACO BAR AUP,1602 BONANZA ST,nan,Haley Croffoot,UP Admin,1,True,False,,0,Intake Review - Application Accepted,0,0,,
177,Y21-052,95,68,31,2,0,2021-06-14,2021-09-16,Planning Project,Design Review Commercial,Yes,Approved - Closed,2021-06-14,2021-06-14,2021-06-14,2021-06-14,Intake Review,Application Accepted,ENCLAVE APARTMENT EXTERIOR GATES,3081 N MAIN ST,nan,Jessica Gonzalez,DR Comm,1,True,False,,0,Intake Review - Application Accepted,0,0,,
178,Y21-053,220,146,74,6,0,2021-06-15,2022-01-20,Planning Project,Design Review Commercial,Yes,Approved - Closed,2021-06-15,2021-06-15,2021-06-15,2021-06-15,Intake Review,Application Accepted,BROADWAY POINTE MSP,1430 MT DIABLO BL,nan,Jessica Gonzalez,DR Comm,1,False,True,DRC,1,Intake Review - Application Accepted,0,0,2022-03-02,2022-03-02
179,Y21-054,149,106,24,2,0,2021-06-15,2021-11-10,Planning Project,Variance,Yes,Approved,2021-06-15,2021-06-15,2021-06-15,2021-06-15,Intake Review,Application Accepted,ALVARO SFR VARIANCE,2695 OVERLOOK DR,nan,Chip Griffin,Variance,1,True,False,,0,Intake Review - Application Accepted,0,0,,
180,Y21-055,15,11,11,1,0,2021-06-18,2021-07-02,Planning Project,ZCL,Yes,Approved - Closed,2021-06-18,2021-06-18,2021-06-18,2021-06-18,Intake Review,Application Accepted,VERIZON WIRELESS @ 0 BISHOP LANE,0 BISHOP LN,nan,Gerardo Victoria,ZCL,1,True,False,,0,Intake Review - Application Accepted,0,0,,
181,Y21-056,41,29,29,1,0,2021-06-18,2021-07-28,Planning Project,ZCL,Yes,Approved - Closed,2021-06-18,2021-06-18,2021-06-18,2021-06-18,Intake Review,Application Accepted,ZCL - 165 LENNON LANE,165 LENNON LN,nan,Gerardo Victoria,ZCL,1,True,False,,0,Intake Review - Application Accepted,0,0,,
182,Y21-057,48,34,34,1,0,2021-06-18,2021-08-04,Planning Project,ZCL,Yes,Approved - Closed,2021-06-18,2021-06-18,2021-06-18,2021-06-18,Intake Review,Application Accepted,ZCL - 175 LENNON LANE,175 LENNON LN,nan,Gerardo Victoria,ZCL,1,True,False,,0,Intake Review - Application Accepted,0,0,,
183,Y21-058,48,34,34,1,0,2021-06-18,2021-08-04,Planning Project,ZCL,Yes,Approved - Closed,2021-06-18,2021-06-18,2021-06-18,2021-06-18,Intake Review,Application Accepted,ZCL - 185 LENNON LN,185 LENNON LN,nan,Gerardo Victoria,ZCL,1,True,False,,0,Intake Review - Application Accepted,0,0,,
184,Y21-059,48,34,34,1,0,2021-06-18,2021-08-04,Planning Project,ZCL,Yes,Approved - Closed,2021-06-18,2021-06-18,2021-06-18,2021-06-18,Intake Review,Application Accepted,ZCL - 205 LENNON LANE,205 LENNON LN,nan,Gerardo Victoria,ZCL,1,True,False,,0,Intake Review - Application Accepted,0,0,,
185,Y21-060,48,34,34,1,0,2021-06-18,2021-08-04,Planning Project,ZCL,Yes,Approved - Closed,2021-06-18,2021-06-18,2021-06-18,2021-06-18,Intake Review,Application Accepted,ZCL - 215 LENNON LN,215 LENNON LN,nan,Gerardo Victoria,ZCL,1,True,False,,0,Intake Review - Application Accepted,0,0,,
186,Y21-061,48,34,34,1,0,2021-06-18,2021-08-04,Planning Project,ZCL,Yes,Approved - Closed,2021-06-18,2021-06-18,2021-06-18,2021-06-18,Intake Review,Application Accepted,ZCL - 225 LENNON LN,225 LENNON LN,nan,Gerardo Victoria,ZCL,1,True,False,,0,Intake Review - Application Accepted,0,0,,
187,Y21-062,48,34,34,1,0,2021-06-18,2021-08-04,Planning Project,ZCL,Yes,Approved - Closed,2021-06-18,2021-06-18,2021-06-18,2021-06-18,Intake Review,Application Accepted,ZCL - 0 LENNON LANE,0 LENNON LN,nan,Gerardo Victoria,ZCL,1,True,False,,0,Intake Review - Application Accepted,0,0,,
188,Y21-063,31,23,23,1,0,2021-06-23,2021-07-23,Planning Project,Design Review Commercial,Yes,Approved - Closed,2021-06-23,2021-06-23,2021-06-23,2021-06-23,Intake Review,Application Accepted,JOHN MUIR HEALTH MSP AMENDMENT,177 LA CASA VIA,nan,Haley Croffoot,DR Comm,1,False,True,DRC,1,Intake Review - Application Accepted,1,1,2021-07-23,2022-02-16
189,Y21-065,262,175,12,2,0,2021-06-23,2022-03-11,Planning Project,Design Review Commercial,Yes,Approved,2021-06-23,2021-06-23,2021-06-23,2021-06-23,Intake Review,Application Accepted,HOT BOYS RESTAURANT EXT. IMPROVEMENTS,1394 N MAIN ST,nan,Jessica Gonzalez,DR Comm,1,True,False,,0,Intake Review - Application Accepted,0,0,,
190,Y21-067,1,1,1,1,0,2021-09-01,2021-09-01,Planning Project,ZCL,Yes,Approved - Closed,2021-06-29,2021-09-01,2021-09-01,2021-09-01,Intake Review,Application Accepted,ZCL - 1200 MONTEGO,1200 MONTEGO,nan,Gerardo Victoria,ZCL,1,True,False,,0,Intake Review - Application Accepted,0,0,,
191,Y21-068,51,37,1,1,36,2021-06-29,2021-08-18,Planning Project,ZCL,Yes,Approved - Closed,2021-06-29,2021-08-18,2021-06-29,2021-08-18,Intake Review,Application Accepted,ZCL - T-MOBILE @ 2499 N MAIN ST.,2499 N MAIN ST,nan,Gerardo Victoria,ZCL,1,True,False,,0,Intake Review - Application Accepted,0,0,,
192,Y21-072,41,29,29,1,0,2021-07-14,2021-08-23,Planning Project,ZCL,Yes,Approved - Closed,2021-07-14,2021-07-14,2021-07-14,2021-07-14,Intake Review,Application Accepted,ZCL for Hick'ry Pit,1495 S MAIN ST,nan,Gerardo Victoria,ZCL,1,True,False,,0,Intake Review - Application Accepted,0,0,,
193,Y21-074,183,119,56,3,0,2021-07-22,2022-01-20,Planning Project,Design Review Residential,Yes,Close Out,2021-07-22,2021-07-22,2021-07-22,2021-07-22,Intake Review,Application Accepted,SECLUDED WOODS LOT 1 & 4,1835 WEAVER LN,nan,Simar Gill,DR Resi,1,False,True,DRC,1,Intake Review - Application Accepted,31,15,2021-12-20,2022-01-19
194,Y21-075,26,18,18,1,0,2021-07-23,2021-08-17,Planning Project,Use Permit Administrative,Yes,Approved - Closed,2021-07-23,2021-07-23,2021-07-23,2021-07-23,Intake Review,Application Accepted,BIERHAUS RESTAURANT AUP,1360 LOCUST ST,nan,Chip Griffin,UP Admin,1,True,False,,0,Intake Review - Application Accepted,0,0,,
195,Y21-076,19,15,12,1,0,2021-07-26,2021-08-13,Planning Project,Use Permit Administrative,Yes,Approved - Closed,2021-07-26,2021-07-26,2021-07-26,2021-07-26,Intake Review,Application Accepted,BOARD AND BRUSH STUDIO AUP,1414 N MAIN ST,nan,Jessica Gonzalez,UP Admin,1,True,False,,0,Intake Review - Application Accepted,0,0,,
196,Y21-077,21,15,15,1,0,2021-08-03,2021-08-23,Planning Project,Design Review Residential,Yes,Close Out,2021-08-03,2021-08-03,2021-08-03,2021-08-03,Intake Review,Application Accepted,MURPHY SFR ADDITION,1931 ARGONNE DR,nan,Simar Gill,DR Resi,1,True,False,,0,Intake Review - Application Accepted,0,0,,
197,Y21-078,266,177,71,2,0,2021-08-03,2022-04-25,Planning Project,Design Review Residential,Yes,Close Out,2021-08-03,2021-08-03,2021-08-03,2021-08-03,Intake Review,Application Accepted,RASHIDI SFR ADDITION,525 MADONNA LN,nan,Jessica Gonzalez,DR Resi,1,True,False,,0,Intake Review - Application Accepted,0,0,,
198,Y21-079,253,168,79,4,0,2021-08-10,2022-04-19,Planning Project,Design Review Residential,Yes,Approved,2021-08-10,2021-08-10,2021-08-10,2021-08-10,Intake Review,Application Accepted,HOLDEN SENIOR LIVING FACILITY,1220 ROSSMOOR PW,nan,Haley Croffoot,DR Resi,1,False,True,DRC,1,Intake Review - Application Accepted,0,0,2022-04-19,2022-04-06
199,Y21-080,24,17,17,1,0,2021-08-17,2021-09-09,Planning Project,ZCL,Yes,Approved - Closed,2021-08-17,2021-08-17,2021-08-17,2021-08-17,Intake Review,Application Accepted,T-MOBILE WIRELESS ANTENNAS,401 WALNUT AVE,nan,Gerardo Victoria,ZCL,1,True,False,,0,Intake Review - Application Accepted,0,0,,
200,Y21-082,73,52,52,1,0,2021-08-17,2021-10-28,Planning Project,ZCL,Yes,Approved - Closed,2021-08-17,2021-08-17,2021-08-17,2021-08-17,Intake Review,Application Accepted,DIRITO BROS ZCL,2020 N MAIN ST,nan,Gerardo Victoria,ZCL,1,True,False,,0,Intake Review - Application Accepted,0,0,,
201,Y21-084,79,56,29,2,0,2021-08-23,2021-11-09,Planning Project,Design Review Residential,Yes,Close Out,2021-08-23,2021-08-23,2021-08-23,2021-08-23,Intake Review,Application Accepted,PANG SFR ADDITION,2605 BUENA VISTA AV,nan,Simar Gill,"*DR Resi, Variance",2,False,True,ZA,1,Intake Review - Application Accepted,0,0,2021-12-01,2021-12-08
202,Y21-086,47,32,12,2,0,2021-08-25,2021-10-10,Planning Project,Design Review Commercial,Yes,Close Out,2021-08-25,2021-08-25,2021-08-25,2021-08-25,Intake Review,Application Accepted,LA FONTAINE RESTAURANT FACADE REMODEL,1375 BROADWAY N,nan,Simar Gill,DR Comm,1,True,False,,0,Intake Review - Application Accepted,0,0,,
203,Y21-088,58,41,19,2,0,2021-09-01,2021-10-28,Planning Project,Use Permit Administrative,Yes,Approved - Closed,2021-09-01,2021-09-01,2021-09-01,2021-09-01,Intake Review,Application Accepted,ONIGILLY RESTAURANT AUP,1372 LOCUST ST,nan,Haley Croffoot,UP Admin,1,True,False,,0,Intake Review - Application Accepted,0,0,,
204,Y21-089,139,87,34,2,0,2021-09-02,2022-01-18,Planning Project,Design Review Commercial,Yes,Close Out,2021-09-02,2021-09-02,2021-09-02,2021-09-02,Intake Review,Application Accepted,TARGET DRIVEUP PARKING LOT RESTRIPING,1871 N MAIN ST,nan,Simar Gill,DR Comm,1,True,False,,0,Intake Review - Application Accepted,0,0,,
205,Y21-091,20,14,14,1,0,2021-09-08,2021-09-27,Planning Project,ZCL,Yes,Approved - Closed,2021-09-08,2021-09-08,2021-09-08,2021-09-08,Intake Review,Application Accepted,VERIZON WIRELESS @ 2635 GRANDE CAMINO,2635 GRANDE CAMINO,nan,Gerardo Victoria,ZCL,1,True,False,,0,Intake Review - Application Accepted,0,0,,
206,Y21-092,22,16,14,2,0,2021-09-09,2021-09-30,Planning Project,Use Permit Administrative,Yes,Approved - Closed,2021-09-09,2021-09-09,2021-09-09,2021-09-09,Intake Review,Application Accepted,KOKOLO DONBURI JAPENESE RESTAURANT AUP,1251 S CALIFORNIA BL,nan,Jessica Gonzalez,UP Admin,1,True,False,,0,Intake Review - Application Accepted,0,0,,
207,Y21-096,62,43,39,2,0,2021-09-23,2021-11-23,Planning Project,Use Permit Administrative,Yes,Approved - Closed,2021-09-23,2021-09-23,2021-09-23,2021-09-23,Intake Review,Application Accepted,QUE ONDA TACO BAR AUP,1512 GEARY RD,nan,Haley Croffoot,UP Admin,1,True,False,,0,Intake Review - Application Accepted,0,0,,
208,Y21-097,19,13,13,1,0,2021-09-24,2021-10-12,Planning Project,Use Permit Conditional,Yes,Approved - Closed,2021-09-24,2021-09-24,2021-09-24,2021-09-24,Intake Review,Application Accepted,TRINITY WINTER SHELTER CUP,1800 CARMEL DR,nan,Simar Gill,UP Conditional,1,False,True,PC,1,Intake Review - Application Accepted,1,1,2021-10-12,2021-11-04
209,Y21-099,123,78,106,4,0,2021-09-28,2022-01-28,Planning Project,Use Permit Conditional,Yes,Approved - Closed,2021-09-28,2021-09-28,2021-09-28,2021-09-28,Intake Review,Application Accepted,SCOTTS GARDEN CUP,1719 BONANZA ST,nan,Jessica Gonzalez,UP Conditional,1,False,True,PC,1,Intake Review - Application Accepted,0,0,2022-02-10,2022-02-10
210,Y21-102,33,25,25,1,0,2021-10-04,2021-11-05,Planning Project,Design Review Commercial,Yes,Approved - Closed,2021-10-04,2021-10-04,2021-10-04,2021-10-04,Intake Review,Application Accepted,PLAZA OFFICES SITE IMPROVEMENTS,1331 N CALIFORNIA BL,nan,Haley Croffoot,DR Comm,1,True,False,,0,Intake Review - Application Accepted,0,0,,
211,Y21-103,23,17,1,1,16,2021-10-04,2021-10-26,Planning Project,ZCL,Yes,Approved - Closed,2021-10-04,2021-10-26,2021-10-04,2021-10-26,Intake Review,Application Accepted,ZCL - 401 LENNON LANE,401 LENNON LN,nan,Gerardo Victoria,ZCL,1,True,False,,0,Intake Review - Application Accepted,0,0,,
212,Y21-104,41,28,28,1,0,2021-10-07,2021-11-16,Planning Project,ZCL,Yes,Approved - Closed,2021-10-07,2021-10-07,2021-10-07,2021-10-07,Intake Review,Application Accepted,AT&T WIRELESS MODIFICATION - ZCL,1330 LOCUST ST,nan,Gerardo Victoria,ZCL,1,True,False,,0,Intake Review - Application Accepted,0,0,,
213,Y21-105,65,44,25,2,0,2021-10-11,2021-12-14,Planning Project,Design Review Commercial,Yes,Approved - Closed,2021-10-11,2021-10-11,2021-10-11,2021-10-11,Intake Review,Application Accepted,ONIGILLY STOREFRONT REMODEL,1372 LOCUST ST,nan,Haley Croffoot,DR Comm,1,True,False,,0,Intake Review - Application Accepted,0,0,,
214,Y21-106,50,33,23,2,0,2021-10-14,2021-12-02,Planning Project,Use Permit Administrative,Yes,Approved - Closed,2021-10-14,2021-10-14,2021-10-14,2021-10-14,Intake Review,Application Accepted,DUMPLING HOURS AUP,1389 N MAIN ST,nan,"Jessica Gonzalez, Brittany Lenoir",UP Admin,1,True,False,,0,Intake Review - Application Accepted,0,0,,
215,Y21-107,124,77,53,1,0,2021-10-14,2022-02-14,Planning Project,Use Permit Minor,Yes,Close Out,2021-10-14,2021-10-14,2021-10-14,2021-10-14,Intake Review,Application Accepted,MAZHARA 6FT FENCE MUP,10 ARABIAN CT,nan,Jessica Gonzalez,UP Minor,1,False,True,ZA,1,Intake Review - Application Accepted,1,1,2022-02-09,2022-02-09
216,Y21-108,51,34,43,10,0,2021-10-20,2021-12-09,Planning Project,Use Permit Administrative,Yes,Approved - Closed,2021-10-20,2021-10-20,2021-10-20,2021-10-20,Intake Review,Application Accepted,54 MINT AUP,1686 LOCUST ST,nan,Henry Rood,UP Admin,1,True,False,,0,Intake Review - Application Accepted,0,0,,
217,Y21-109,29,20,20,1,0,2021-10-26,2021-11-23,Planning Project,Design Review Commercial,Yes,Approved - Closed,2021-10-26,2021-10-26,2021-10-26,2021-10-26,Intake Review,Application Accepted,JOHN MUIR TANK SCREEN,1601 YGNACIO VALLEY RD,nan,Haley Croffoot,DR Comm,1,True,False,,0,Intake Review - Application Accepted,0,0,,
218,Y21-110,51,34,34,1,0,2021-10-26,2021-12-15,Planning Project,ZCL,Yes,Approved - Closed,2021-10-26,2021-10-26,2021-10-26,2021-10-26,Intake Review,Application Accepted,EL CHARRO RESTAURANT - ZCL,1470 BROADWAY N,nan,Gerardo Victoria,ZCL,1,True,False,,0,Intake Review - Application Accepted,0,0,,
219,Y21-111,45,30,19,2,0,2021-10-26,2021-12-09,Planning Project,Design Review Commercial,Yes,Close Out,2021-10-26,2021-10-26,2021-10-26,2021-10-26,Intake Review,Application Accepted,QUAY STOREFRONT REMODEL,139 BROADWAY LN,nan,Simar Gill,DR Comm,1,True,False,,0,Intake Review - Application Accepted,0,0,,
220,Y21-112,50,33,33,1,0,2021-10-27,2021-12-15,Planning Project,ZCL,Yes,Approved - Closed,2021-10-27,2021-10-27,2021-10-27,2021-10-27,Intake Review,Application Accepted,WALNUT HILL APARTMENTS - ZCL,1755 TRINITY AV,nan,Gerardo Victoria,ZCL,1,True,False,,0,Intake Review - Application Accepted,0,0,,
221,Y21-113,188,122,87,4,0,2021-10-27,2022-05-02,Planning Project,Design Review Residential,Yes,Approved - Closed,2021-10-27,2021-10-27,2021-10-27,2021-10-27,Intake Review,Application Accepted,GARBUTT SFR ADDITION,832 APPALOOSA DR,nan,Henry Rood,DR Resi,1,True,False,,0,Intake Review - Application Accepted,0,0,,
222,Y21-114,102,61,76,3,0,2021-10-29,2022-02-07,Planning Project,Design Review Commercial,Yes,Approved - Closed,2021-10-29,2021-10-29,2021-10-29,2021-10-29,Intake Review,Application Accepted,LULULEMON STOREFRONT REMODEL,1210 BROADWAY PZ,nan,Henry Rood,DR Comm,1,True,False,,0,Intake Review - Application Accepted,0,0,,
223,Y21-116,23,16,16,1,0,2021-12-01,2021-12-23,Planning Project,Use Permit Administrative,Yes,Approved - Closed,2021-12-01,2021-12-01,2021-12-01,2021-12-01,Intake Review,Application Accepted,HICK'RY PIT AUP,1495 S MAIN ST,nan,Henry Rood,UP Admin,1,True,False,,0,Intake Review - Application Accepted,0,0,,
224,Y21-119,9,7,7,1,0,2021-12-01,2021-12-09,Planning Project,ZCL,Yes,Close Out,2021-12-01,2021-12-01,2021-12-01,2021-12-01,Intake Review,Application Accepted,1101 CIVIC DRIVE - ZCL,1101 CIVIC DR,nan,Brittany Lenoir,ZCL,1,True,False,,0,Intake Review - Application Accepted,0,0,,
225,Y21-120,35,18,18,1,0,2021-12-03,2022-01-06,Planning Project,Design Review Sign,Yes,Close Out,2021-12-03,2021-12-03,2021-12-03,2021-12-03,Intake Review,Application Accepted,EL CHARRO NEON WALL SIGNS,1470 N BROADWAY,nan,Brittany Lenoir,DR Sign,1,False,True,DRC,1,Intake Review - Application Accepted,1,1,2022-01-06,2022-01-19
226,Y21-121,63,37,37,1,0,2021-12-07,2022-02-07,Planning Project,Use Permit Administrative,Yes,Approved - Closed,2021-12-07,2021-12-07,2021-12-07,2021-12-07,Intake Review,Application Accepted,BEAUTY LOUNGE AUP,1512 PALOS VERDES MA,nan,Henry Rood,UP Admin,1,True,False,,0,Intake Review - Application Accepted,0,0,,
227,Y21-122,11,9,9,1,0,2021-12-07,2021-12-17,Planning Project,ZCL,Yes,Approved - Closed,2021-12-07,2021-12-07,2021-12-07,2021-12-07,Intake Review,Application Accepted,VERIZON WIRELESS @ MARCHBANKS - ZCL,1551 MARCHBANKS DR,nan,Brittany Lenoir,ZCL,1,True,False,,0,Intake Review - Application Accepted,0,0,,
228,Y21-123,29,14,14,1,0,2021-12-07,2022-01-04,Planning Project,Design Review Other,Yes,Approved - Closed,2021-12-07,2021-12-07,2021-12-07,2021-12-07,Intake Review,Application Accepted,AESOP BROADWAY PLAZA PAINT CHANGES,1278 BROADWAY PZ,nan,Brittany Lenoir,DR Other,1,True,False,,0,Intake Review - Application Accepted,0,0,,
229,Y21-125,155,102,28,4,0,2021-12-09,2022-05-12,Planning Project,Design Review Commercial,Yes,Approved,2021-12-09,2021-12-09,2021-12-09,2021-12-09,Intake Review,Application Accepted,GAS BIJOUX STOREFRONT REMODEL,44 BROADWAY LN,nan,Brittany Lenoir,DR Comm,1,True,False,,0,Intake Review - Application Accepted,0,0,,
230,Y21-126,106,67,43,2,0,2021-12-13,2022-03-28,Planning Project,Design Review Commercial,Yes,Approved - Closed,2021-12-13,2021-12-13,2021-12-13,2021-12-13,Intake Review,Application Accepted,HERMAN MILLER STOREFRONT REMODEL,1260 BROADWAY PZ,nan,Henry Rood,DR Comm,1,True,False,,0,Intake Review - Application Accepted,0,0,,
231,Y21-127,82,51,17,3,0,2021-12-13,2022-03-04,Planning Project,Design Review Commercial,Yes,Close Out,2021-12-13,2021-12-13,2021-12-13,2021-12-13,Intake Review,Application Accepted,EL CHARRO EXTERIOR MODIFICATIONS,1470 N BROADWAY,nan,Brittany Lenoir,DR Comm,1,True,False,,0,Intake Review - Application Accepted,0,0,,
232,Y21-129,83,50,10,2,0,2021-12-16,2022-03-08,Planning Project,Design Review Residential,Yes,Close Out,2021-12-16,2021-12-16,2021-12-16,2021-12-16,Intake Review,Application Accepted,RICARD NEW SFR,0 GARRON CT,nan,Simar Gill,DR Resi,1,True,False,,0,Intake Review - Application Accepted,0,0,,
233,Y21-130,31,15,15,1,0,2021-12-21,2022-01-20,Planning Project,ZCL,Yes,Approved - Closed,2021-12-21,2021-12-21,2021-12-21,2021-12-21,Intake Review,Application Accepted,VERIZON WIRELESS @ 575 LENNON,575 LENNON LN,nan,Henry Rood,ZCL,1,True,False,,0,Intake Review - Application Accepted,0,0,,
234,Y22-002,27,18,18,1,0,2022-01-05,2022-01-31,Planning Project,ZCL,Yes,Approved - Closed,2022-01-05,2022-01-05,2022-01-05,2022-01-05,Intake Review,Application Accepted,1424 S MAIN ST - ZCL,1424 S MAIN ST,nan,Gerardo Victoria,ZCL,1,True,False,,0,Intake Review - Application Accepted,0,0,,
235,Y22-003,5,5,5,1,0,2022-01-10,2022-01-14,Planning Project,Use Permit Conditional,Yes,Approved - Closed,2022-01-10,2022-01-10,2022-01-10,2022-01-10,Intake Review,Application Accepted,SOL PHYSICAL THERAPY CUP,1651 BOTELHO DR,nan,Haley Croffoot,UP Conditional,1,False,True,PC,1,Intake Review - Application Accepted,1,1,2022-01-14,2022-01-27
236,Y22-004,90,63,54,2,0,2022-01-19,2022-04-18,Planning Project,Use Permit Minor,Yes,Approved - Closed,2022-01-19,2022-01-19,2022-01-19,2022-01-19,Intake Review,Application Accepted,LIESER 7 FT. FENCE - MUP,148 LANCASTER RD,nan,Brittany Lenoir,UP Minor,1,False,True,ZA,1,Intake Review - Application Accepted,1,1,2022-04-18,2022-05-24
237,Y22-005,38,27,27,1,0,2022-01-25,2022-03-03,Planning Project,Use Permit Administrative,Yes,Approved - Closed,2022-01-25,2022-01-25,2022-01-25,2022-01-25,Intake Review,Application Accepted,SILK ROAD AUP,1440 S MAIN ST,nan,Henry Rood,UP Admin,1,True,False,,0,Intake Review - Application Accepted,0,0,,
238,Y22-006,127,89,55,3,0,2022-01-26,2022-06-01,Planning Project,Design Review Residential,Yes,Close Out,2022-01-26,2022-01-26,2022-01-26,2022-01-26,Intake Review,Application Accepted,LEE SFR ADDITION,620 CHANDON CT,nan,Brittany Lenoir,DR Resi,1,True,False,,0,Intake Review - Application Accepted,0,0,,
239,Y22-007,134,94,64,4,0,2022-01-27,2022-06-09,Planning Project,Design Review Residential,Yes,Approved - Closed,2022-01-27,2022-01-27,2022-01-27,2022-01-27,Intake Review,Application Accepted,HAMID SFR ADDITION,2412 WALNUT BL,nan,Henry Rood,"*DR Resi, Variance",2,True,False,,0,Intake Review - Application Accepted,0,0,,
240,Y22-012,36,25,25,1,0,2022-02-03,2022-03-10,Planning Project,Use Permit Administrative,Yes,Approved,2022-02-03,2022-02-03,2022-02-03,2022-02-03,Intake Review,Application Accepted,SHAKE SHACK AUP,1604 MT DIABLO BL,nan,Henry Rood,UP Admin,1,True,False,,0,Intake Review - Application Accepted,0,0,,
241,Y22-016,47,32,29,2,0,2022-02-11,2022-03-29,Planning Project,Design Review Commercial,Yes,Close Out,2022-02-11,2022-02-11,2022-02-11,2022-02-11,Intake Review,Application Accepted,NICK THE GREEK EXTERIOR REMODEL,1140 LOCUST ST,nan,Brittany Lenoir,DR Comm,1,True,False,,0,Intake Review - Application Accepted,0,0,,
242,Y22-017,61,42,43,2,0,2022-02-17,2022-04-18,Planning Project,Design Review Residential,Yes,Approved - Closed,2022-02-17,2022-02-17,2022-02-17,2022-02-17,Intake Review,Application Accepted,FARAHBAKHSH SFR ADDITION,3965 ARBOLADO DR,nan,Henry Rood,DR Resi,1,True,False,,0,Intake Review - Application Accepted,0,0,,
243,Y22-019,338,228,58,3,0,2022-02-23,2023-01-26,Planning Project,Tentative Map Major Subdivision,Yes,Approved,2022-02-23,2022-02-23,2022-02-23,2022-02-23,Intake Review,Application Accepted,THE RESIDENCES SFR DEVELOPEMENT,730 MINERT RD,nan,Simar Gill,"*Tentative Map Major Subdivision, DR Resi",2,False,True,"PC, DRC",2,Intake Review - Application Accepted,1,1,2023-01-26,2023-05-11
244,Y22-021,62,44,45,2,0,2022-02-23,2022-04-25,Planning Project,Use Permit Administrative,Yes,Approved - Closed,2022-02-23,2022-02-23,2022-02-23,2022-02-23,Intake Review,Application Accepted,LIFETIME FITNESS AUP,1315 BROADWAY PZ,nan,Henry Rood,UP Admin,1,True,False,,0,Intake Review - Application Accepted,0,0,,
245,Y22-022,57,41,36,2,0,2022-02-28,2022-04-25,Planning Project,Use Permit Conditional,Yes,Approved,2022-02-28,2022-02-28,2022-02-28,2022-02-28,Intake Review,Application Accepted,FIRST CITIZENS BANK CUP,100 PRINGLE AV,nan,Brittany Lenoir,UP Conditional,1,False,True,PC,1,Intake Review - Application Accepted,1,1,2022-04-25,2022-05-05
246,Y22-030,36,26,26,1,0,2022-03-21,2022-04-25,Planning Project,ZCL,Yes,Approved - Closed,2022-03-21,2022-03-21,2022-03-21,2022-03-21,Intake Review,Application Accepted,MOUNTAIN MIKE'S - ZCL,1815 YGNACIO VALLEY RD,nan,Henry Rood,ZCL,1,True,False,,0,Intake Review - Application Accepted,0,0,,
247,Y22-031,68,50,41,2,0,2022-03-21,2022-05-27,Planning Project,Variance,Yes,Approved - Closed,2022-03-21,2022-03-21,2022-03-21,2022-03-21,Intake Review,Application Accepted,ENGLEBRECHT SFR DECK VARIANCE,160 LA BOLSA RD,nan,Brittany Lenoir,Variance,1,False,True,ZA,1,Intake Review - Application Accepted,1,1,2022-05-27,2022-06-22
248,Y22-033,119,83,33,2,0,2022-03-29,2022-07-25,Planning Project,Design Review Sign,Yes,Approved - Closed,2022-03-29,2022-03-29,2022-03-29,2022-03-29,Intake Review,Application Accepted,SAVERS SIGN EXCEPTION,1997 TICE VALLEY BLVD,nan,Henry Rood,DR Sign,1,True,False,,0,Intake Review - Application Accepted,0,0,,
249,Y22-036,193,134,42,3,0,2022-04-01,2022-10-10,Planning Project,Use Permit Administrative,Yes,Close Out,2022-04-01,2022-04-01,2022-04-01,2022-04-01,Intake Review,Application Accepted,EL JARDIN AUP-ZCL,1980 TICE VALLEY RD,nan,Brittany Lenoir,UP Admin,1,True,False,,0,Intake Review - Application Accepted,0,0,,
250,Y22-041,56,39,27,2,0,2022-04-07,2022-06-01,Planning Project,Design Review Residential,Yes,Close Out,2022-04-07,2022-04-12,2022-04-07,2022-04-07,Intake Review,Application Accepted,Agora New Exterior Painting,1500 NEWELL AV,nan,Brittany Lenoir,DR Resi,1,True,False,,0,Intake Review - Application Accepted,0,0,,
251,Y22-044,57,40,40,1,0,2022-04-14,2022-06-09,Planning Project,Use Permit Conditional,Yes,Close Out,2022-04-14,2022-04-14,2022-04-14,2022-04-14,Intake Review,Application Accepted,MODERN ANIMAL CUP,1360 MT DIABLO BL,nan,Brittany Lenoir,UP Conditional,1,False,True,PC,1,Intake Review - Application Accepted,1,1,2022-06-09,2022-06-10
252,Y22-049,78,54,50,2,0,2022-05-12,2022-07-28,Planning Project,Use Permit Administrative,Yes,Approved,2022-05-12,2022-05-12,2022-05-12,2022-05-12,Intake Review,Application Accepted,LUNA SEA LOUNGE AUP,101 PRINGLE AVE,nan,Brittany Lenoir,UP Admin,1,False,True,PC,1,Intake Review - Application Accepted,1,1,2022-07-28,2022-07-28
253,Y22-052,66,46,42,2,0,2022-05-17,2022-07-21,Planning Project,Design Review Residential,Yes,Approved - Closed,2022-05-17,2022-05-17,2022-05-17,2022-05-17,Intake Review,Application Accepted,ZHANG SFR ADDITION,595 LAS LOMAS WY,nan,Henry Rood,DR Resi,1,True,False,,0,Intake Review - Application Accepted,0,0,,
254,Y22-054,29,21,21,1,0,2022-06-02,2022-06-30,Planning Project,ZCL,Yes,Approved - Closed,2022-06-02,2022-06-02,2022-06-02,2022-06-02,Intake Review,Application Accepted,AT&T WIRELESS - ZCL,2700 YGNACIO VALLEY RD,nan,Henry Rood,ZCL,1,True,False,,0,Intake Review - Application Accepted,0,0,,
255,Y22-058,52,37,37,1,0,2022-06-07,2022-07-28,Planning Project,Use Permit Administrative,Yes,Approved - Closed,2022-06-07,2022-06-07,2022-06-07,2022-06-07,Intake Review,Application Accepted,PIZZALINA AUP,2064 TREAT BLVD,nan,Henry Rood,UP Admin,1,True,False,,0,Intake Review - Application Accepted,0,0,,
256,Y22-061,38,27,27,1,0,2022-06-21,2022-07-28,Planning Project,Use Permit Administrative,Yes,Approved - Closed,2022-06-21,2022-06-21,2022-06-21,2022-06-21,Intake Review,Application Accepted,BUON VINO AUP,1501 N BROADWAY,nan,Henry Rood,UP Admin,1,True,False,,0,Intake Review - Application Accepted,0,0,,
257,Y22-063,90,62,44,3,0,2022-06-29,2022-09-26,Planning Project,Design Review Commercial,Yes,Close Out,2022-06-29,2022-06-29,2022-06-29,2022-06-29,Intake Review,Application Accepted,CRATE & BARREL FACADE MODIFICATIONS,1201 MAIN S ST,nan,Brittany Lenoir,DR Comm,1,False,True,DRC,1,Intake Review - Application Accepted,1,1,2022-09-26,2022-10-05
258,Y22-065,42,29,29,1,0,2022-06-30,2022-08-10,Planning Project,Use Permit Administrative,Yes,Approved - Closed,2022-06-30,2022-06-30,2022-06-30,2022-06-30,Intake Review,Application Accepted,Fizz Champagne Bar AUP,1652 BONANZA ST,nan,Henry Rood,UP Admin,1,True,False,,0,Intake Review - Application Accepted,0,0,,
259,Y22-066,28,19,19,1,0,2022-07-01,2022-07-28,Planning Project,ZCL,Yes,Approved - Closed,2022-07-01,2022-07-01,2022-07-01,2022-07-01,Intake Review,Application Accepted,AT&T WIRELESS - ZCL,1101 KEAVENY CT,nan,Henry Rood,ZCL,1,True,False,,0,Intake Review - Application Accepted,0,0,,
260,Y22-071,30,22,22,1,0,2022-07-11,2022-08-09,Planning Project,Use Permit Minor,Yes,Approved - Closed,2022-07-11,2022-07-11,2022-07-11,2022-07-11,Intake Review,Application Accepted,KRELING 8 FT. FENCE - MUP,116 GENOA CT,nan,Henry Rood,UP Minor,1,False,True,ZA,1,Intake Review - Application Accepted,0,0,2022-08-10,2022-09-20
261,Y22-072,23,17,17,1,0,2022-07-13,2022-08-04,Planning Project,ZCL,Yes,Close Out,2022-07-13,2022-07-13,2022-07-13,2022-07-13,Intake Review,Application Accepted,CITRUS MARKETPLACE - ZCL,2210 OAK GROVE RD,nan,Simar Gill,ZCL,1,True,False,,0,Intake Review - Application Accepted,0,0,,
262,Y22-078,29,20,20,1,0,2022-08-11,2022-09-08,Planning Project,ZCL,Yes,Approved - Closed,2022-08-11,2022-08-11,2022-08-11,2022-08-11,Intake Review,Application Accepted,AT&T WIRELESS - ZCL,2033 N MAIN ST,nan,Henry Rood,ZCL,1,True,False,,0,Intake Review - Application Accepted,0,0,,
263,Y22-080,30,21,21,1,0,2022-08-30,2022-09-28,Planning Project,ZCL,Yes,Approved - Closed,2022-08-30,2022-08-30,2022-08-30,2022-08-30,Intake Review,Application Accepted,DISH WIRELESS - ZCL,0 HILLCREST RD,nan,Henry Rood,ZCL,1,True,False,,0,Intake Review - Application Accepted,0,0,,
264,Y22-083,27,19,19,1,0,2022-09-07,2022-10-03,Planning Project,ZCL,Yes,Close Out,2022-09-07,2022-09-07,2022-09-07,2022-09-07,Intake Review,Application Accepted,1510 2ND AVE - ZCL,1510 2ND AVE,nan,Brittany Lenoir,ZCL,1,True,False,,0,Intake Review - Application Accepted,0,0,,
265,Y22-084,28,20,20,1,0,2022-09-07,2022-10-04,Planning Project,ZCL,Yes,Close Out,2022-09-07,2022-09-07,2022-09-07,2022-09-07,Intake Review,Application Accepted,1530 2ND AVE - ZCL,1530 2ND AVE,nan,Brittany Lenoir,ZCL,1,True,False,,0,Intake Review - Application Accepted,0,0,,
266,Y22-085,28,20,17,1,3,2022-09-07,2022-10-04,Planning Project,ZCL,Yes,Close Out,2022-09-07,2022-09-12,2022-09-07,2022-09-12,Intake Review,Application Accepted,2717 N MAIN ST. - ZCL,2717 N MAIN ST,nan,Brittany Lenoir,ZCL,1,True,False,,0,Intake Review - Application Accepted,0,0,,
267,Y22-089,29,21,21,1,0,2022-09-21,2022-10-19,Planning Project,Use Permit Administrative,Yes,Approved - Closed,2022-09-21,2022-09-21,2022-09-21,2022-09-21,Intake Review,Application Accepted,SKIPOLINI'S AUP,1535 GIAMMONA DR,nan,Henry Rood,UP Admin,1,True,False,,0,Intake Review - Application Accepted,0,0,,
268,Y22-092,29,21,21,1,0,2022-09-28,2022-10-26,Planning Project,Use Permit Conditional,Yes,Approved - Closed,2022-09-28,2022-09-28,2022-09-28,2022-09-28,Intake Review,Application Accepted,TRINITY CENTER EVENING PROGRAM,1800 CARMEL DR,nan,Brittany Lenoir,UP Conditional,1,False,True,PC,1,Intake Review - Application Accepted,1,1,2022-10-26,2022-11-10
269,Y22-095,17,13,13,1,0,2022-10-03,2022-10-19,Planning Project,Use Permit Administrative,Yes,Approved - Closed,2022-10-03,2022-10-03,2022-10-03,2022-10-03,Intake Review,Application Accepted,SWEET MAPLE AUP,1523 GIAMMONA DR,nan,Henry Rood,UP Admin,1,True,False,,0,Intake Review - Application Accepted,0,0,,
270,Y22-097,118,73,50,1,0,2022-10-06,2023-01-31,Planning Project,Design Review Commercial,Yes,Close Out,2022-10-06,2022-10-06,2022-10-06,2022-10-06,Intake Review,Application Accepted,MENDOCINO FARMS MARKET,1895 YGNACIO VALLEY RD,nan,Simar Gill,DR Comm,1,True,False,,0,Intake Review - Application Accepted,0,0,,
271,Y22-098,106,65,60,2,0,2022-10-12,2023-01-25,Planning Project,Design Review Sign,Yes,Approved - Closed,2022-10-12,2022-10-12,2022-10-12,2022-10-12,Intake Review,Application Accepted,500 YGNACIO OFFICE BUILDING MSP,500 YGNACIO VALLEY RD,MASTER SIGN PROGRAM,Henry Rood,DR Sign,1,False,True,DRC,1,Intake Review - Application Accepted,1,1,2023-01-25,2023-03-02
272,Y22-101,51,34,25,4,0,2022-10-18,2022-12-07,Planning Project,Design Review Commercial,Yes,Approved - Closed,2022-10-18,2022-10-18,2022-10-18,2022-10-18,Intake Review,Application Accepted,INTIMISSIMI STOREFRONT REMODEL,1260 BROADWAY PZ,nan,Brittany Lenoir,DR Comm,1,True,False,,0,Intake Review - Application Accepted,0,0,,
273,Y22-103,104,63,40,2,0,2022-10-20,2023-01-31,Planning Project,Design Review Commercial,Yes,Approved - Closed,2022-10-20,2022-10-20,2022-10-20,2022-10-20,Intake Review,Application Accepted,BRILLIANT EARTH STOREFRONT REMODEL,30 BROADWAY LN,nan,Henry Rood,DR Comm,1,True,False,,0,Intake Review - Application Accepted,0,0,,
274,Y22-111,34,22,22,1,0,2022-11-17,2022-12-20,Planning Project,ZCL,Yes,Close Out,2022-11-17,2022-11-17,2022-11-17,2022-11-17,Intake Review,Application Accepted,AT&T Mobility standby generator,60 LAYMAN CT,nan,Brittany Lenoir,ZCL,1,True,False,,0,Intake Review - Application Accepted,0,0,,
275,Y22-115,63,35,34,2,0,2022-11-18,2023-01-19,Planning Project,Design Review Commercial,Yes,Approved - Closed,2022-11-18,2022-11-18,2022-11-18,2022-11-18,Intake Review,Application Accepted,SWAROVSKI STOREFRONT REMODEL,1237 BROADWAY PZ,nan,Henry Rood,DR Comm,1,True,False,,0,Intake Review - Application Accepted,0,0,,
276,Y22-124,84,51,51,1,0,2022-12-21,2023-03-14,Planning Project,Design Review Residential,Yes,Close Out,2022-12-21,2022-12-21,2022-12-21,2022-12-21,Intake Review,Application Accepted,LIM SFR ADDITION,2822 COMISTAS DR,nan,Benjamin Schuster,DR Resi,1,True,False,,0,Intake Review - Application Accepted,0,0,,
